2,15,1750357,True,['TG']
3,63,1906702,True,['TTG']
4,255,1960309,True,['TTTG']
5,1023,1980921,True,['TTTTG']
6,4095,1988622,True,['TTTTTG']
7,16357,1991117,True,['TTTTTTG']
8,61089,1984798,True,['TTTTTTTG']
9,170023,1899854,True,['TTTTTTTTG']
10,286675,1553270,True,['TTTTTTTTGT']
11,275354,949293,True,['TTTTTTTTGTT']
12,159815,420542,True,['TTTTTTTTGAAA']
13,66134,150328,True,['TTTTTTTGTTTTT']
14,22720,48224,True,['TTTTTTTGTTTAAA']
15,7375,15173,True,['TTTTTTTGTTATAAT']
16,2422,4925,True,['TTTTTTTGTTATAATA']
17,788,1611,True,['TTTTTTTCAAAAGAATT']
18,277,569,True,['TTTTTTTATTTTTATACA']
19,94,200,True,['TTTTTTTATTTTTATACAT']
20,67,146,True,['TTTTTTTACGTAGGCATTGA']
21,25,56,True,['TTTTTTTACGTAGGCATTGAC']
22,12,24,True,['TTTTTTTACGTAGGCATTGACG']
23,30,69,True,['TTTTTTTACGTAGGCATTGACGA']
24,14,31,True,['TTTTTTTACGTAGGCATTGACGAT']
25,6,13,True,['TTTTTTTACGTAGGCATTGACGATA']
26,10,24,True,['TTTTTTTACGTAGGCATTGACGATAC']
27,7,43,True,['TTTTTTTACGTAGGCATTGACGATACG']
28,7,66,True,['TTTTTTTACGTAGGCATTGACGATACGC']
29,23,99,True,['TTTTTTTACGTAGGCATTGACGATACGCA']
30,20,60,True,['TTTTTTTACGTAGGCATTGACGATACGCAA']
31,15,40,True,['TTTTTTTACGTAGGCATTGACGATACGCAAT']
32,14,28,True,['TTTTTTTACGTAGGCATTGACGATACGCAATT']
33,8,20,True,['TTTTTTTACGTAGGCATTGACGATACGCAATTT']
34,3,6,True,['TTTTTTTACGTAGGCATTGACGATACGCAATTTC']
35,6,12,True,['TTTTTTTACGTAGGCATTGACGATACGCAATTTCA']
36,3,6,True,['TTTTTTTACGTAGGCATTGACGATACGCAATTTCAA']
37,2,5,True,['TTTTTTTACGTAGGCATTGACGATACGCAATTTCAAG']
38,7,14,True,['TTTTTTTACGTAGGCATTGACGATACGCAATTTCAAGT']
39,3,10,True,['TTTTTTTACGTAGGCATTGACGATACGCAATTTCAAGTT']
40,2,4,True,['TTTTTTTACGTAGGCATTGACGATACGCAATTTCAAGTTT']
41,2,4,True,['TTTTTTTACGTAGGCATTGACGATACGCAATTTCAAGTTTT']
42,2,4,True,['TTTTTTTACGTAGGCATTGACGATACGCAATTTCAAGTTTTC']
43,2,4,True,['TTTTTTTACGTAGGCATTGACGATACGCAATTTCAAGTTTTCT']
44,1,2,True,['TTTTTTTACGTAGGCATTGACGATACGCAATTTCAAGTTTTCTT']
45,0,0,True,['TTTTTTTACGTAGGCATTGACGATACGCAATTTCAAGTTTTCTTC']
46,0,0,True,['TTTTTTTACGTAGGCATTGACGATACGCAATTTCAAGTTTTCTTCT']
47,3,7,True,['TTTTTTTACGTAGGCATTGACGATACGCAATTTCAAGTTTTCTTCTT']
48,0,0,True,['TTTTTTTACGTAGGCATTGACGATACGCAATTTCAAGTTTTCTTCTTT']
49,1,2,True,['TTTTTTTACGTAGGCATTGACGATACGCAATTTCAAGTTTTCTTCTTTG']
50,2,4,True,['TTTTTTTACGTAGGCATTGACGATACGCAATTTCAAGTTTTCTTCTTTGA']
51,0,0,True,['TTTTTTTACGTAGGCATTGACGATACGCAATTTCAAGTTTTCTTCTTTGAG']
52,0,0,True,['TTTTTTTACGTAGGCATTGACGATACGCAATTTCAAGTTTTCTTCTTTGAGT']
53,1,2,True,['TTTTTTTACGTAGGCATTGACGATACGCAATTTCAAGTTTTCTTCTTTGAGTT']
54,1,2,True,['TTTTTTTACGTAGGCATTGACGATACGCAATTTCAAGTTTTCTTCTTTGAGTTG']
55,2,4,True,['TTTTTTTACGTAGGCATTGACGATACGCAATTTCAAGTTTTCTTCTTTGAGTTGC']
56,1,2,True,['TTTTTTTACGTAGGCATTGACGATACGCAATTTCAAGTTTTCTTCTTTGAGTTGCT']
57,0,0,True,['TTTTTTTACGTAGGCATTGACGATACGCAATTTCAAGTTTTCTTCTTTGAGTTGCTG']
58,1,3,True,['TTTTTTTACGTAGGCATTGACGATACGCAATTTCAAGTTTTCTTCTTTGAGTTGCTGG']
59,0,0,True,['TTTTTTTACGTAGGCATTGACGATACGCAATTTCAAGTTTTCTTCTTTGAGTTGCTGGA']
60,1,2,True,['TTTTTTTACGTAGGCATTGACGATACGCAATTTCAAGTTTTCTTCTTTGAGTTGCTGGAT']
61,0,0,True,['TTTTTTTACGTAGGCATTGACGATACGCAATTTCAAGTTTTCTTCTTTGAGTTGCTGGATC']
62,0,0,True,['TTTTTTTACGTAGGCATTGACGATACGCAATTTCAAGTTTTCTTCTTTGAGTTGCTGGATCT']
63,0,0,True,['TTTTTTTACGTAGGCATTGACGATACGCAATTTCAAGTTTTCTTCTTTGAGTTGCTGGATCTG']
64,0,0,True,['TTTTTTTACGTAGGCATTGACGATACGCAATTTCAAGTTTTCTTCTTTGAGTTGCTGGATCTGC']
65,0,0,True,['TTTTTTTACGTAGGCATTGACGATACGCAATTTCAAGTTTTCTTCTTTGAGTTGCTGGATCTGCT']
66,0,0,True,['TTTTTTTACGTAGGCATTGACGATACGCAATTTCAAGTTTTCTTCTTTGAGTTGCTGGATCTGCTT']
67,2,7,True,['TTTTTTTACGTAGGCATTGACGATACGCAATTTCAAGTTTTCTTCTTTGAGTTGCTGGATCTGCTTC']
68,0,0,True,['TTTTTTTACGTAGGCATTGACGATACGCAATTTCAAGTTTTCTTCTTTGAGTTGCTGGATCTGCTTCT']
69,0,0,True,['TTTTTTTACGTAGGCATTGACGATACGCAATTTCAAGTTTTCTTCTTTGAGTTGCTGGATCTGCTTCTC']
70,1,2,True,['TTTTTTTACGTAGGCATTGACGATACGCAATTTCAAGTTTTCTTCTTTGAGTTGCTGGATCTGCTTCTCT']
71,0,0,True,['TTTTTTTACGTAGGCATTGACGATACGCAATTTCAAGTTTTCTTCTTTGAGTTGCTGGATCTGCTTCTCTA']
72,0,0,True,['TTTTTTTACGTAGGCATTGACGATACGCAATTTCAAGTTTTCTTCTTTGAGTTGCTGGATCTGCTTCTCTAA']
73,1,2,True,['TTTTTTTACGTAGGCATTGACGATACGCAATTTCAAGTTTTCTTCTTTGAGTTGCTGGATCTGCTTCTCTAAA']
74,2,4,True,['TTTTTTTACGTAGGCATTGACGATACGCAATTTCAAGTTTTCTTCTTTGAGTTGCTGGATCTGCTTCTCTAAAT']
75,2,4,True,['TTTTTTTACGTAGGCATTGACGATACGCAATTTCAAGTTTTCTTCTTTGAGTTGCTGGATCTGCTTCTCTAAATC']
76,3,6,True,['TTTTTTTACGTAGGCATTGACGATACGCAATTTCAAGTTTTCTTCTTTGAGTTGCTGGATCTGCTTCTCTAAATCT']
77,1,2,True,['TTTTTTTACGTAGGCATTGACGATACGCAATTTCAAGTTTTCTTCTTTGAGTTGCTGGATCTGCTTCTCTAAATCTT']
78,2,4,True,['TTTTTTTACGTAGGCATTGACGATACGCAATTTCAAGTTTTCTTCTTTGAGTTGCTGGATCTGCTTCTCTAAATCTTT']
79,1,3,True,['TTTTTTTACGTAGGCATTGACGATACGCAATTTCAAGTTTTCTTCTTTGAGTTGCTGGATCTGCTTCTCTAAATCTTTG']
80,0,0,True,['TTTTTTTACGTAGGCATTGACGATACGCAATTTCAAGTTTTCTTCTTTGAGTTGCTGGATCTGCTTCTCTAAATCTTTGC']
81,0,0,True,['TTTTTTTACGTAGGCATTGACGATACGCAATTTCAAGTTTTCTTCTTTGAGTTGCTGGATCTGCTTCTCTAAATCTTTGCG']
82,0,0,True,['TTTTTTTACGTAGGCATTGACGATACGCAATTTCAAGTTTTCTTCTTTGAGTTGCTGGATCTGCTTCTCTAAATCTTTGCGC']
83,1,2,True,['TTTTTTTACGTAGGCATTGACGATACGCAATTTCAAGTTTTCTTCTTTGAGTTGCTGGATCTGCTTCTCTAAATCTTTGCGCG']
84,0,0,True,['TTTTTTTACGTAGGCATTGACGATACGCAATTTCAAGTTTTCTTCTTTGAGTTGCTGGATCTGCTTCTCTAAATCTTTGCGCGA']
85,0,0,True,['TTTTTTTACGTAGGCATTGACGATACGCAATTTCAAGTTTTCTTCTTTGAGTTGCTGGATCTGCTTCTCTAAATCTTTGCGCGAT']
86,0,0,True,['TTTTTTTACGTAGGCATTGACGATACGCAATTTCAAGTTTTCTTCTTTGAGTTGCTGGATCTGCTTCTCTAAATCTTTGCGCGATG']
87,1,2,True,['TTTTTTTACGTAGGCATTGACGATACGCAATTTCAAGTTTTCTTCTTTGAGTTGCTGGATCTGCTTCTCTAAATCTTTGCGCGATGT']
88,0,0,True,['TTTTTTTACGTAGGCATTGACGATACGCAATTTCAAGTTTTCTTCTTTGAGTTGCTGGATCTGCTTCTCTAAATCTTTGCGCGATGTT']
89,2,5,True,['TTTTTTTACGTAGGCATTGACGATACGCAATTTCAAGTTTTCTTCTTTGAGTTGCTGGATCTGCTTCTCTAAATCTTTGCGCGATGTTT']
90,2,4,True,['TTTTTTTACGTAGGCATTGACGATACGCAATTTCAAGTTTTCTTCTTTGAGTTGCTGGATCTGCTTCTCTAAATCTTTGCGCGATGTTTG']
91,1,2,True,['TTTTTTTACGTAGGCATTGACGATACGCAATTTCAAGTTTTCTTCTTTGAGTTGCTGGATCTGCTTCTCTAAATCTTTGCGCGATGTTTGG']
92,1,2,True,['TTTTTTTACGTAGGCATTGACGATACGCAATTTCAAGTTTTCTTCTTTGAGTTGCTGGATCTGCTTCTCTAAATCTTTGCGCGATGTTTGGG']
93,1,2,True,['TTTTTTTACGTAGGCATTGACGATACGCAATTTCAAGTTTTCTTCTTTGAGTTGCTGGATCTGCTTCTCTAAATCTTTGCGCGATGTTTGGGA']
94,1,2,True,['TTTTTTTACGTAGGCATTGACGATACGCAATTTCAAGTTTTCTTCTTTGAGTTGCTGGATCTGCTTCTCTAAATCTTTGCGCGATGTTTGGGAT']
95,0,0,True,['TTTTTTTACGTAGGCATTGACGATACGCAATTTCAAGTTTTCTTCTTTGAGTTGCTGGATCTGCTTCTCTAAATCTTTGCGCGATGTTTGGGATT']
96,1,2,True,['TTTTTTTACGTAGGCATTGACGATACGCAATTTCAAGTTTTCTTCTTTGAGTTGCTGGATCTGCTTCTCTAAATCTTTGCGCGATGTTTGGGATTG']
97,0,0,True,['TTTTTTTACGTAGGCATTGACGATACGCAATTTCAAGTTTTCTTCTTTGAGTTGCTGGATCTGCTTCTCTAAATCTTTGCGCGATGTTTGGGATTGC']
98,0,0,True,['TTTTTTTACGTAGGCATTGACGATACGCAATTTCAAGTTTTCTTCTTTGAGTTGCTGGATCTGCTTCTCTAAATCTTTGCGCGATGTTTGGGATTGCT']
99,0,0,True,['TTTTTTTACGTAGGCATTGACGATACGCAATTTCAAGTTTTCTTCTTTGAGTTGCTGGATCTGCTTCTCTAAATCTTTGCGCGATGTTTGGGATTGCTT']
100,0,0,True,['TTTTTTTACGTAGGCATTGACGATACGCAATTTCAAGTTTTCTTCTTTGAGTTGCTGGATCTGCTTCTCTAAATCTTTGCGCGATGTTTGGGATTGCTTC']
101,0,0,True,['TTTTTTTACGTAGGCATTGACGATACGCAATTTCAAGTTTTCTTCTTTGAGTTGCTGGATCTGCTTCTCTAAATCTTTGCGCGATGTTTGGGATTGCTTCT']
102,1,4,True,['TTTTTTTACGTAGGCATTGACGATACGCAATTTCAAGTTTTCTTCTTTGAGTTGCTGGATCTGCTTCTCTAAATCTTTGCGCGATGTTTGGGATTGCTTCTT']
103,0,0,True,['TTTTTTTACGTAGGCATTGACGATACGCAATTTCAAGTTTTCTTCTTTGAGTTGCTGGATCTGCTTCTCTAAATCTTTGCGCGATGTTTGGGATTGCTTCTTC']
104,0,0,True,['TTTTTTTACGTAGGCATTGACGATACGCAATTTCAAGTTTTCTTCTTTGAGTTGCTGGATCTGCTTCTCTAAATCTTTGCGCGATGTTTGGGATTGCTTCTTCT']
105,0,0,True,['TTTTTTTACGTAGGCATTGACGATACGCAATTTCAAGTTTTCTTCTTTGAGTTGCTGGATCTGCTTCTCTAAATCTTTGCGCGATGTTTGGGATTGCTTCTTCTG']
106,0,0,True,['TTTTTTTACGTAGGCATTGACGATACGCAATTTCAAGTTTTCTTCTTTGAGTTGCTGGATCTGCTTCTCTAAATCTTTGCGCGATGTTTGGGATTGCTTCTTCTGA']
107,0,0,True,['TTTTTTTACGTAGGCATTGACGATACGCAATTTCAAGTTTTCTTCTTTGAGTTGCTGGATCTGCTTCTCTAAATCTTTGCGCGATGTTTGGGATTGCTTCTTCTGAC']
108,0,0,True,['TTTTTTTACGTAGGCATTGACGATACGCAATTTCAAGTTTTCTTCTTTGAGTTGCTGGATCTGCTTCTCTAAATCTTTGCGCGATGTTTGGGATTGCTTCTTCTGACT']
109,0,0,True,['TTTTTTTACGTAGGCATTGACGATACGCAATTTCAAGTTTTCTTCTTTGAGTTGCTGGATCTGCTTCTCTAAATCTTTGCGCGATGTTTGGGATTGCTTCTTCTGACTC']
110,0,0,True,['TTTTTTTACGTAGGCATTGACGATACGCAATTTCAAGTTTTCTTCTTTGAGTTGCTGGATCTGCTTCTCTAAATCTTTGCGCGATGTTTGGGATTGCTTCTTCTGACTCA']
111,0,0,True,['TTTTTTTACGTAGGCATTGACGATACGCAATTTCAAGTTTTCTTCTTTGAGTTGCTGGATCTGCTTCTCTAAATCTTTGCGCGATGTTTGGGATTGCTTCTTCTGACTCAT']
112,0,0,True,['TTTTTTTACGTAGGCATTGACGATACGCAATTTCAAGTTTTCTTCTTTGAGTTGCTGGATCTGCTTCTCTAAATCTTTGCGCGATGTTTGGGATTGCTTCTTCTGACTCATG']
113,1,2,True,['TTTTTTTACGTAGGCATTGACGATACGCAATTTCAAGTTTTCTTCTTTGAGTTGCTGGATCTGCTTCTCTAAATCTTTGCGCGATGTTTGGGATTGCTTCTTCTGACTCATGA']
114,0,0,True,['TTTTTTTACGTAGGCATTGACGATACGCAATTTCAAGTTTTCTTCTTTGAGTTGCTGGATCTGCTTCTCTAAATCTTTGCGCGATGTTTGGGATTGCTTCTTCTGACTCATGAA']
115,0,0,True,['TTTTTTTACGTAGGCATTGACGATACGCAATTTCAAGTTTTCTTCTTTGAGTTGCTGGATCTGCTTCTCTAAATCTTTGCGCGATGTTTGGGATTGCTTCTTCTGACTCATGAAC']
116,0,0,True,['TTTTTTTACGTAGGCATTGACGATACGCAATTTCAAGTTTTCTTCTTTGAGTTGCTGGATCTGCTTCTCTAAATCTTTGCGCGATGTTTGGGATTGCTTCTTCTGACTCATGAACG']
117,0,0,True,['TTTTTTTACGTAGGCATTGACGATACGCAATTTCAAGTTTTCTTCTTTGAGTTGCTGGATCTGCTTCTCTAAATCTTTGCGCGATGTTTGGGATTGCTTCTTCTGACTCATGAACGG']
118,0,0,True,['TTTTTTTACGTAGGCATTGACGATACGCAATTTCAAGTTTTCTTCTTTGAGTTGCTGGATCTGCTTCTCTAAATCTTTGCGCGATGTTTGGGATTGCTTCTTCTGACTCATGAACGGA']
119,2,4,True,['TTTTTTTACGTAGGCATTGACGATACGCAATTTCAAGTTTTCTTCTTTGAGTTGCTGGATCTGCTTCTCTAAATCTTTGCGCGATGTTTGGGATTGCTTCTTCTGACTCATGAACGGAA']
120,0,0,True,['TTTTTTTACGTAGGCATTGACGATACGCAATTTCAAGTTTTCTTCTTTGAGTTGCTGGATCTGCTTCTCTAAATCTTTGCGCGATGTTTGGGATTGCTTCTTCTGACTCATGAACGGAAT']
121,0,0,True,['TTTTTTTACGTAGGCATTGACGATACGCAATTTCAAGTTTTCTTCTTTGAGTTGCTGGATCTGCTTCTCTAAATCTTTGCGCGATGTTTGGGATTGCTTCTTCTGACTCATGAACGGAATG']
122,1,2,True,['TTTTTTTACGTAGGCATTGACGATACGCAATTTCAAGTTTTCTTCTTTGAGTTGCTGGATCTGCTTCTCTAAATCTTTGCGCGATGTTTGGGATTGCTTCTTCTGACTCATGAACGGAATGC']
123,0,0,True,['TTTTTTTACGTAGGCATTGACGATACGCAATTTCAAGTTTTCTTCTTTGAGTTGCTGGATCTGCTTCTCTAAATCTTTGCGCGATGTTTGGGATTGCTTCTTCTGACTCATGAACGGAATGCC']
124,0,0,True,['TTTTTTTACGTAGGCATTGACGATACGCAATTTCAAGTTTTCTTCTTTGAGTTGCTGGATCTGCTTCTCTAAATCTTTGCGCGATGTTTGGGATTGCTTCTTCTGACTCATGAACGGAATGCCG']
125,0,0,True,['TTTTTTTACGTAGGCATTGACGATACGCAATTTCAAGTTTTCTTCTTTGAGTTGCTGGATCTGCTTCTCTAAATCTTTGCGCGATGTTTGGGATTGCTTCTTCTGACTCATGAACGGAATGCCGT']
126,0,0,True,['TTTTTTTACGTAGGCATTGACGATACGCAATTTCAAGTTTTCTTCTTTGAGTTGCTGGATCTGCTTCTCTAAATCTTTGCGCGATGTTTGGGATTGCTTCTTCTGACTCATGAACGGAATGCCGTC']
127,0,0,True,['TTTTTTTACGTAGGCATTGACGATACGCAATTTCAAGTTTTCTTCTTTGAGTTGCTGGATCTGCTTCTCTAAATCTTTGCGCGATGTTTGGGATTGCTTCTTCTGACTCATGAACGGAATGCCGTCC']
128,0,0,True,['TTTTTTTACGTAGGCATTGACGATACGCAATTTCAAGTTTTCTTCTTTGAGTTGCTGGATCTGCTTCTCTAAATCTTTGCGCGATGTTTGGGATTGCTTCTTCTGACTCATGAACGGAATGCCGTCCT']
129,0,0,True,['TTTTTTTACGTAGGCATTGACGATACGCAATTTCAAGTTTTCTTCTTTGAGTTGCTGGATCTGCTTCTCTAAATCTTTGCGCGATGTTTGGGATTGCTTCTTCTGACTCATGAACGGAATGCCGTCCTT']
130,0,0,True,['TTTTTTTACGTAGGCATTGACGATACGCAATTTCAAGTTTTCTTCTTTGAGTTGCTGGATCTGCTTCTCTAAATCTTTGCGCGATGTTTGGGATTGCTTCTTCTGACTCATGAACGGAATGCCGTCCTTT']
131,0,0,True,['TTTTTTTACGTAGGCATTGACGATACGCAATTTCAAGTTTTCTTCTTTGAGTTGCTGGATCTGCTTCTCTAAATCTTTGCGCGATGTTTGGGATTGCTTCTTCTGACTCATGAACGGAATGCCGTCCTTTC']
132,0,0,True,['TTTTTTTACGTAGGCATTGACGATACGCAATTTCAAGTTTTCTTCTTTGAGTTGCTGGATCTGCTTCTCTAAATCTTTGCGCGATGTTTGGGATTGCTTCTTCTGACTCATGAACGGAATGCCGTCCTTTCT']
133,0,0,True,['TTTTTTTACGTAGGCATTGACGATACGCAATTTCAAGTTTTCTTCTTTGAGTTGCTGGATCTGCTTCTCTAAATCTTTGCGCGATGTTTGGGATTGCTTCTTCTGACTCATGAACGGAATGCCGTCCTTTCTT']
134,0,0,True,['TTTTTTTACGTAGGCATTGACGATACGCAATTTCAAGTTTTCTTCTTTGAGTTGCTGGATCTGCTTCTCTAAATCTTTGCGCGATGTTTGGGATTGCTTCTTCTGACTCATGAACGGAATGCCGTCCTTTCTTC']
135,0,0,True,['TTTTTTTACGTAGGCATTGACGATACGCAATTTCAAGTTTTCTTCTTTGAGTTGCTGGATCTGCTTCTCTAAATCTTTGCGCGATGTTTGGGATTGCTTCTTCTGACTCATGAACGGAATGCCGTCCTTTCTTCT']
136,0,0,True,['TTTTTTTACGTAGGCATTGACGATACGCAATTTCAAGTTTTCTTCTTTGAGTTGCTGGATCTGCTTCTCTAAATCTTTGCGCGATGTTTGGGATTGCTTCTTCTGACTCATGAACGGAATGCCGTCCTTTCTTCTT']
137,0,0,True,['TTTTTTTACGTAGGCATTGACGATACGCAATTTCAAGTTTTCTTCTTTGAGTTGCTGGATCTGCTTCTCTAAATCTTTGCGCGATGTTTGGGATTGCTTCTTCTGACTCATGAACGGAATGCCGTCCTTTCTTCTTG']
138,0,0,True,['TTTTTTTACGTAGGCATTGACGATACGCAATTTCAAGTTTTCTTCTTTGAGTTGCTGGATCTGCTTCTCTAAATCTTTGCGCGATGTTTGGGATTGCTTCTTCTGACTCATGAACGGAATGCCGTCCTTTCTTCTTGA']
139,0,0,True,['TTTTTTTACGTAGGCATTGACGATACGCAATTTCAAGTTTTCTTCTTTGAGTTGCTGGATCTGCTTCTCTAAATCTTTGCGCGATGTTTGGGATTGCTTCTTCTGACTCATGAACGGAATGCCGTCCTTTCTTCTTGAT']
140,0,0,True,['TTTTTTTACGTAGGCATTGACGATACGCAATTTCAAGTTTTCTTCTTTGAGTTGCTGGATCTGCTTCTCTAAATCTTTGCGCGATGTTTGGGATTGCTTCTTCTGACTCATGAACGGAATGCCGTCCTTTCTTCTTGATA']
141,0,0,True,['TTTTTTTACGTAGGCATTGACGATACGCAATTTCAAGTTTTCTTCTTTGAGTTGCTGGATCTGCTTCTCTAAATCTTTGCGCGATGTTTGGGATTGCTTCTTCTGACTCATGAACGGAATGCCGTCCTTTCTTCTTGATAA']
142,0,0,True,['TTTTTTTACGTAGGCATTGACGATACGCAATTTCAAGTTTTCTTCTTTGAGTTGCTGGATCTGCTTCTCTAAATCTTTGCGCGATGTTTGGGATTGCTTCTTCTGACTCATGAACGGAATGCCGTCCTTTCTTCTTGATAAC']
143,0,0,True,['TTTTTTTACGTAGGCATTGACGATACGCAATTTCAAGTTTTCTTCTTTGAGTTGCTGGATCTGCTTCTCTAAATCTTTGCGCGATGTTTGGGATTGCTTCTTCTGACTCATGAACGGAATGCCGTCCTTTCTTCTTGATAACG']
144,0,0,True,['TTTTTTTACGTAGGCATTGACGATACGCAATTTCAAGTTTTCTTCTTTGAGTTGCTGGATCTGCTTCTCTAAATCTTTGCGCGATGTTTGGGATTGCTTCTTCTGACTCATGAACGGAATGCCGTCCTTTCTTCTTGATAACGA']
145,0,0,True,['TTTTTTTACGTAGGCATTGACGATACGCAATTTCAAGTTTTCTTCTTTGAGTTGCTGGATCTGCTTCTCTAAATCTTTGCGCGATGTTTGGGATTGCTTCTTCTGACTCATGAACGGAATGCCGTCCTTTCTTCTTGATAACGAC']
146,0,0,True,['TTTTTTTACGTAGGCATTGACGATACGCAATTTCAAGTTTTCTTCTTTGAGTTGCTGGATCTGCTTCTCTAAATCTTTGCGCGATGTTTGGGATTGCTTCTTCTGACTCATGAACGGAATGCCGTCCTTTCTTCTTGATAACGACA']
147,0,0,True,['TTTTTTTACGTAGGCATTGACGATACGCAATTTCAAGTTTTCTTCTTTGAGTTGCTGGATCTGCTTCTCTAAATCTTTGCGCGATGTTTGGGATTGCTTCTTCTGACTCATGAACGGAATGCCGTCCTTTCTTCTTGATAACGACAT']
148,0,0,True,['TTTTTTTACGTAGGCATTGACGATACGCAATTTCAAGTTTTCTTCTTTGAGTTGCTGGATCTGCTTCTCTAAATCTTTGCGCGATGTTTGGGATTGCTTCTTCTGACTCATGAACGGAATGCCGTCCTTTCTTCTTGATAACGACATT']
149,0,0,True,['TTTTTTTACGTAGGCATTGACGATACGCAATTTCAAGTTTTCTTCTTTGAGTTGCTGGATCTGCTTCTCTAAATCTTTGCGCGATGTTTGGGATTGCTTCTTCTGACTCATGAACGGAATGCCGTCCTTTCTTCTTGATAACGACATTA']
150,0,0,True,['TTTTTTTACGTAGGCATTGACGATACGCAATTTCAAGTTTTCTTCTTTGAGTTGCTGGATCTGCTTCTCTAAATCTTTGCGCGATGTTTGGGATTGCTTCTTCTGACTCATGAACGGAATGCCGTCCTTTCTTCTTGATAACGACATTAT']
151,0,0,True,['TTTTTTTACGTAGGCATTGACGATACGCAATTTCAAGTTTTCTTCTTTGAGTTGCTGGATCTGCTTCTCTAAATCTTTGCGCGATGTTTGGGATTGCTTCTTCTGACTCATGAACGGAATGCCGTCCTTTCTTCTTGATAACGACATTATA']
152,0,0,True,['TTTTTTTACGTAGGCATTGACGATACGCAATTTCAAGTTTTCTTCTTTGAGTTGCTGGATCTGCTTCTCTAAATCTTTGCGCGATGTTTGGGATTGCTTCTTCTGACTCATGAACGGAATGCCGTCCTTTCTTCTTGATAACGACATTATAC']
153,0,0,True,['TTTTTTTACGTAGGCATTGACGATACGCAATTTCAAGTTTTCTTCTTTGAGTTGCTGGATCTGCTTCTCTAAATCTTTGCGCGATGTTTGGGATTGCTTCTTCTGACTCATGAACGGAATGCCGTCCTTTCTTCTTGATAACGACATTATACC']
154,0,0,True,['TTTTTTTACGTAGGCATTGACGATACGCAATTTCAAGTTTTCTTCTTTGAGTTGCTGGATCTGCTTCTCTAAATCTTTGCGCGATGTTTGGGATTGCTTCTTCTGACTCATGAACGGAATGCCGTCCTTTCTTCTTGATAACGACATTATACCC']
155,1,2,True,['TTTTTTTACGTAGGCATTGACGATACGCAATTTCAAGTTTTCTTCTTTGAGTTGCTGGATCTGCTTCTCTAAATCTTTGCGCGATGTTTGGGATTGCTTCTTCTGACTCATGAACGGAATGCCGTCCTTTCTTCTTGATAACGACATTATACCCA']
156,0,0,True,['TTTTTTTACGTAGGCATTGACGATACGCAATTTCAAGTTTTCTTCTTTGAGTTGCTGGATCTGCTTCTCTAAATCTTTGCGCGATGTTTGGGATTGCTTCTTCTGACTCATGAACGGAATGCCGTCCTTTCTTCTTGATAACGACATTATACCCAT']
157,0,0,True,['TTTTTTTACGTAGGCATTGACGATACGCAATTTCAAGTTTTCTTCTTTGAGTTGCTGGATCTGCTTCTCTAAATCTTTGCGCGATGTTTGGGATTGCTTCTTCTGACTCATGAACGGAATGCCGTCCTTTCTTCTTGATAACGACATTATACCCATT']
158,0,0,True,['TTTTTTTACGTAGGCATTGACGATACGCAATTTCAAGTTTTCTTCTTTGAGTTGCTGGATCTGCTTCTCTAAATCTTTGCGCGATGTTTGGGATTGCTTCTTCTGACTCATGAACGGAATGCCGTCCTTTCTTCTTGATAACGACATTATACCCATTT']
159,0,0,True,['TTTTTTTACGTAGGCATTGACGATACGCAATTTCAAGTTTTCTTCTTTGAGTTGCTGGATCTGCTTCTCTAAATCTTTGCGCGATGTTTGGGATTGCTTCTTCTGACTCATGAACGGAATGCCGTCCTTTCTTCTTGATAACGACATTATACCCATTTT']
160,0,0,True,['TTTTTTTACGTAGGCATTGACGATACGCAATTTCAAGTTTTCTTCTTTGAGTTGCTGGATCTGCTTCTCTAAATCTTTGCGCGATGTTTGGGATTGCTTCTTCTGACTCATGAACGGAATGCCGTCCTTTCTTCTTGATAACGACATTATACCCATTTTT']
161,0,0,True,['TTTTTTTACGTAGGCATTGACGATACGCAATTTCAAGTTTTCTTCTTTGAGTTGCTGGATCTGCTTCTCTAAATCTTTGCGCGATGTTTGGGATTGCTTCTTCTGACTCATGAACGGAATGCCGTCCTTTCTTCTTGATAACGACATTATACCCATTTTTC']
162,0,0,True,['TTTTTTTACGTAGGCATTGACGATACGCAATTTCAAGTTTTCTTCTTTGAGTTGCTGGATCTGCTTCTCTAAATCTTTGCGCGATGTTTGGGATTGCTTCTTCTGACTCATGAACGGAATGCCGTCCTTTCTTCTTGATAACGACATTATACCCATTTTTCT']
163,0,0,True,['TTTTTTTACGTAGGCATTGACGATACGCAATTTCAAGTTTTCTTCTTTGAGTTGCTGGATCTGCTTCTCTAAATCTTTGCGCGATGTTTGGGATTGCTTCTTCTGACTCATGAACGGAATGCCGTCCTTTCTTCTTGATAACGACATTATACCCATTTTTCTT']
164,0,0,True,['TTTTTTTACGTAGGCATTGACGATACGCAATTTCAAGTTTTCTTCTTTGAGTTGCTGGATCTGCTTCTCTAAATCTTTGCGCGATGTTTGGGATTGCTTCTTCTGACTCATGAACGGAATGCCGTCCTTTCTTCTTGATAACGACATTATACCCATTTTTCTTA']
165,1,2,True,['TTTTTTTACGTAGGCATTGACGATACGCAATTTCAAGTTTTCTTCTTTGAGTTGCTGGATCTGCTTCTCTAAATCTTTGCGCGATGTTTGGGATTGCTTCTTCTGACTCATGAACGGAATGCCGTCCTTTCTTCTTGATAACGACATTATACCCATTTTTCTTAT']
166,0,0,True,['TTTTTTTACGTAGGCATTGACGATACGCAATTTCAAGTTTTCTTCTTTGAGTTGCTGGATCTGCTTCTCTAAATCTTTGCGCGATGTTTGGGATTGCTTCTTCTGACTCATGAACGGAATGCCGTCCTTTCTTCTTGATAACGACATTATACCCATTTTTCTTATA']
167,0,0,True,['TTTTTTTACGTAGGCATTGACGATACGCAATTTCAAGTTTTCTTCTTTGAGTTGCTGGATCTGCTTCTCTAAATCTTTGCGCGATGTTTGGGATTGCTTCTTCTGACTCATGAACGGAATGCCGTCCTTTCTTCTTGATAACGACATTATACCCATTTTTCTTATAT']
168,0,0,True,['TTTTTTTACGTAGGCATTGACGATACGCAATTTCAAGTTTTCTTCTTTGAGTTGCTGGATCTGCTTCTCTAAATCTTTGCGCGATGTTTGGGATTGCTTCTTCTGACTCATGAACGGAATGCCGTCCTTTCTTCTTGATAACGACATTATACCCATTTTTCTTATATT']
169,0,0,True,['TTTTTTTACGTAGGCATTGACGATACGCAATTTCAAGTTTTCTTCTTTGAGTTGCTGGATCTGCTTCTCTAAATCTTTGCGCGATGTTTGGGATTGCTTCTTCTGACTCATGAACGGAATGCCGTCCTTTCTTCTTGATAACGACATTATACCCATTTTTCTTATATTC']
170,0,0,True,['TTTTTTTACGTAGGCATTGACGATACGCAATTTCAAGTTTTCTTCTTTGAGTTGCTGGATCTGCTTCTCTAAATCTTTGCGCGATGTTTGGGATTGCTTCTTCTGACTCATGAACGGAATGCCGTCCTTTCTTCTTGATAACGACATTATACCCATTTTTCTTATATTCG']
171,0,0,True,['TTTTTTTACGTAGGCATTGACGATACGCAATTTCAAGTTTTCTTCTTTGAGTTGCTGGATCTGCTTCTCTAAATCTTTGCGCGATGTTTGGGATTGCTTCTTCTGACTCATGAACGGAATGCCGTCCTTTCTTCTTGATAACGACATTATACCCATTTTTCTTATATTCGC']
172,0,0,True,['TTTTTTTACGTAGGCATTGACGATACGCAATTTCAAGTTTTCTTCTTTGAGTTGCTGGATCTGCTTCTCTAAATCTTTGCGCGATGTTTGGGATTGCTTCTTCTGACTCATGAACGGAATGCCGTCCTTTCTTCTTGATAACGACATTATACCCATTTTTCTTATATTCGCG']
173,0,0,True,['TTTTTTTACGTAGGCATTGACGATACGCAATTTCAAGTTTTCTTCTTTGAGTTGCTGGATCTGCTTCTCTAAATCTTTGCGCGATGTTTGGGATTGCTTCTTCTGACTCATGAACGGAATGCCGTCCTTTCTTCTTGATAACGACATTATACCCATTTTTCTTATATTCGCGA']
174,0,0,True,['TTTTTTTACGTAGGCATTGACGATACGCAATTTCAAGTTTTCTTCTTTGAGTTGCTGGATCTGCTTCTCTAAATCTTTGCGCGATGTTTGGGATTGCTTCTTCTGACTCATGAACGGAATGCCGTCCTTTCTTCTTGATAACGACATTATACCCATTTTTCTTATATTCGCGAA']
175,0,0,True,['TTTTTTTACGTAGGCATTGACGATACGCAATTTCAAGTTTTCTTCTTTGAGTTGCTGGATCTGCTTCTCTAAATCTTTGCGCGATGTTTGGGATTGCTTCTTCTGACTCATGAACGGAATGCCGTCCTTTCTTCTTGATAACGACATTATACCCATTTTTCTTATATTCGCGAAT']
176,0,0,True,['TTTTTTTACGTAGGCATTGACGATACGCAATTTCAAGTTTTCTTCTTTGAGTTGCTGGATCTGCTTCTCTAAATCTTTGCGCGATGTTTGGGATTGCTTCTTCTGACTCATGAACGGAATGCCGTCCTTTCTTCTTGATAACGACATTATACCCATTTTTCTTATATTCGCGAATC']
177,0,0,True,['TTTTTTTACGTAGGCATTGACGATACGCAATTTCAAGTTTTCTTCTTTGAGTTGCTGGATCTGCTTCTCTAAATCTTTGCGCGATGTTTGGGATTGCTTCTTCTGACTCATGAACGGAATGCCGTCCTTTCTTCTTGATAACGACATTATACCCATTTTTCTTATATTCGCGAATCC']
178,0,0,True,['TTTTTTTACGTAGGCATTGACGATACGCAATTTCAAGTTTTCTTCTTTGAGTTGCTGGATCTGCTTCTCTAAATCTTTGCGCGATGTTTGGGATTGCTTCTTCTGACTCATGAACGGAATGCCGTCCTTTCTTCTTGATAACGACATTATACCCATTTTTCTTATATTCGCGAATCCA']
179,0,0,True,['TTTTTTTACGTAGGCATTGACGATACGCAATTTCAAGTTTTCTTCTTTGAGTTGCTGGATCTGCTTCTCTAAATCTTTGCGCGATGTTTGGGATTGCTTCTTCTGACTCATGAACGGAATGCCGTCCTTTCTTCTTGATAACGACATTATACCCATTTTTCTTATATTCGCGAATCCAA']
180,0,0,True,['TTTTTTTACGTAGGCATTGACGATACGCAATTTCAAGTTTTCTTCTTTGAGTTGCTGGATCTGCTTCTCTAAATCTTTGCGCGATGTTTGGGATTGCTTCTTCTGACTCATGAACGGAATGCCGTCCTTTCTTCTTGATAACGACATTATACCCATTTTTCTTATATTCGCGAATCCAAT']
181,0,0,True,['TTTTTTTACGTAGGCATTGACGATACGCAATTTCAAGTTTTCTTCTTTGAGTTGCTGGATCTGCTTCTCTAAATCTTTGCGCGATGTTTGGGATTGCTTCTTCTGACTCATGAACGGAATGCCGTCCTTTCTTCTTGATAACGACATTATACCCATTTTTCTTATATTCGCGAATCCAATT']
182,0,0,True,['TTTTTTTACGTAGGCATTGACGATACGCAATTTCAAGTTTTCTTCTTTGAGTTGCTGGATCTGCTTCTCTAAATCTTTGCGCGATGTTTGGGATTGCTTCTTCTGACTCATGAACGGAATGCCGTCCTTTCTTCTTGATAACGACATTATACCCATTTTTCTTATATTCGCGAATCCAATTA']
183,0,0,True,['TTTTTTTACGTAGGCATTGACGATACGCAATTTCAAGTTTTCTTCTTTGAGTTGCTGGATCTGCTTCTCTAAATCTTTGCGCGATGTTTGGGATTGCTTCTTCTGACTCATGAACGGAATGCCGTCCTTTCTTCTTGATAACGACATTATACCCATTTTTCTTATATTCGCGAATCCAATTAT']
184,0,0,True,['TTTTTTTACGTAGGCATTGACGATACGCAATTTCAAGTTTTCTTCTTTGAGTTGCTGGATCTGCTTCTCTAAATCTTTGCGCGATGTTTGGGATTGCTTCTTCTGACTCATGAACGGAATGCCGTCCTTTCTTCTTGATAACGACATTATACCCATTTTTCTTATATTCGCGAATCCAATTATA']
185,0,0,True,['TTTTTTTACGTAGGCATTGACGATACGCAATTTCAAGTTTTCTTCTTTGAGTTGCTGGATCTGCTTCTCTAAATCTTTGCGCGATGTTTGGGATTGCTTCTTCTGACTCATGAACGGAATGCCGTCCTTTCTTCTTGATAACGACATTATACCCATTTTTCTTATATTCGCGAATCCAATTATAC']
186,0,0,True,['TTTTTTTACGTAGGCATTGACGATACGCAATTTCAAGTTTTCTTCTTTGAGTTGCTGGATCTGCTTCTCTAAATCTTTGCGCGATGTTTGGGATTGCTTCTTCTGACTCATGAACGGAATGCCGTCCTTTCTTCTTGATAACGACATTATACCCATTTTTCTTATATTCGCGAATCCAATTATACA']
187,0,0,True,['TTTTTTTACGTAGGCATTGACGATACGCAATTTCAAGTTTTCTTCTTTGAGTTGCTGGATCTGCTTCTCTAAATCTTTGCGCGATGTTTGGGATTGCTTCTTCTGACTCATGAACGGAATGCCGTCCTTTCTTCTTGATAACGACATTATACCCATTTTTCTTATATTCGCGAATCCAATTATACAA']
188,0,0,True,['TTTTTTTACGTAGGCATTGACGATACGCAATTTCAAGTTTTCTTCTTTGAGTTGCTGGATCTGCTTCTCTAAATCTTTGCGCGATGTTTGGGATTGCTTCTTCTGACTCATGAACGGAATGCCGTCCTTTCTTCTTGATAACGACATTATACCCATTTTTCTTATATTCGCGAATCCAATTATACAAG']
189,0,0,True,['TTTTTTTACGTAGGCATTGACGATACGCAATTTCAAGTTTTCTTCTTTGAGTTGCTGGATCTGCTTCTCTAAATCTTTGCGCGATGTTTGGGATTGCTTCTTCTGACTCATGAACGGAATGCCGTCCTTTCTTCTTGATAACGACATTATACCCATTTTTCTTATATTCGCGAATCCAATTATACAAGA']
190,0,0,True,['TTTTTTTACGTAGGCATTGACGATACGCAATTTCAAGTTTTCTTCTTTGAGTTGCTGGATCTGCTTCTCTAAATCTTTGCGCGATGTTTGGGATTGCTTCTTCTGACTCATGAACGGAATGCCGTCCTTTCTTCTTGATAACGACATTATACCCATTTTTCTTATATTCGCGAATCCAATTATACAAGAT']
191,0,0,True,['TTTTTTTACGTAGGCATTGACGATACGCAATTTCAAGTTTTCTTCTTTGAGTTGCTGGATCTGCTTCTCTAAATCTTTGCGCGATGTTTGGGATTGCTTCTTCTGACTCATGAACGGAATGCCGTCCTTTCTTCTTGATAACGACATTATACCCATTTTTCTTATATTCGCGAATCCAATTATACAAGATA']
192,0,0,True,['TTTTTTTACGTAGGCATTGACGATACGCAATTTCAAGTTTTCTTCTTTGAGTTGCTGGATCTGCTTCTCTAAATCTTTGCGCGATGTTTGGGATTGCTTCTTCTGACTCATGAACGGAATGCCGTCCTTTCTTCTTGATAACGACATTATACCCATTTTTCTTATATTCGCGAATCCAATTATACAAGATAC']
193,0,0,True,['TTTTTTTACGTAGGCATTGACGATACGCAATTTCAAGTTTTCTTCTTTGAGTTGCTGGATCTGCTTCTCTAAATCTTTGCGCGATGTTTGGGATTGCTTCTTCTGACTCATGAACGGAATGCCGTCCTTTCTTCTTGATAACGACATTATACCCATTTTTCTTATATTCGCGAATCCAATTATACAAGATACC']
194,0,0,True,['TTTTTTTACGTAGGCATTGACGATACGCAATTTCAAGTTTTCTTCTTTGAGTTGCTGGATCTGCTTCTCTAAATCTTTGCGCGATGTTTGGGATTGCTTCTTCTGACTCATGAACGGAATGCCGTCCTTTCTTCTTGATAACGACATTATACCCATTTTTCTTATATTCGCGAATCCAATTATACAAGATACCG']
195,0,0,True,['TTTTTTTACGTAGGCATTGACGATACGCAATTTCAAGTTTTCTTCTTTGAGTTGCTGGATCTGCTTCTCTAAATCTTTGCGCGATGTTTGGGATTGCTTCTTCTGACTCATGAACGGAATGCCGTCCTTTCTTCTTGATAACGACATTATACCCATTTTTCTTATATTCGCGAATCCAATTATACAAGATACCGT']
196,0,0,True,['TTTTTTTACGTAGGCATTGACGATACGCAATTTCAAGTTTTCTTCTTTGAGTTGCTGGATCTGCTTCTCTAAATCTTTGCGCGATGTTTGGGATTGCTTCTTCTGACTCATGAACGGAATGCCGTCCTTTCTTCTTGATAACGACATTATACCCATTTTTCTTATATTCGCGAATCCAATTATACAAGATACCGTT']
197,0,0,True,['TTTTTTTACGTAGGCATTGACGATACGCAATTTCAAGTTTTCTTCTTTGAGTTGCTGGATCTGCTTCTCTAAATCTTTGCGCGATGTTTGGGATTGCTTCTTCTGACTCATGAACGGAATGCCGTCCTTTCTTCTTGATAACGACATTATACCCATTTTTCTTATATTCGCGAATCCAATTATACAAGATACCGTTG']
198,1,2,True,['TTTTTTTACGTAGGCATTGACGATACGCAATTTCAAGTTTTCTTCTTTGAGTTGCTGGATCTGCTTCTCTAAATCTTTGCGCGATGTTTGGGATTGCTTCTTCTGACTCATGAACGGAATGCCGTCCTTTCTTCTTGATAACGACATTATACCCATTTTTCTTATATTCGCGAATCCAATTATACAAGATACCGTTGC']
199,0,0,True,['TTTTTTTACGTAGGCATTGACGATACGCAATTTCAAGTTTTCTTCTTTGAGTTGCTGGATCTGCTTCTCTAAATCTTTGCGCGATGTTTGGGATTGCTTCTTCTGACTCATGAACGGAATGCCGTCCTTTCTTCTTGATAACGACATTATACCCATTTTTCTTATATTCGCGAATCCAATTATACAAGATACCGTTGCT']
200,0,0,True,['TTTTTTTACGTAGGCATTGACGATACGCAATTTCAAGTTTTCTTCTTTGAGTTGCTGGATCTGCTTCTCTAAATCTTTGCGCGATGTTTGGGATTGCTTCTTCTGACTCATGAACGGAATGCCGTCCTTTCTTCTTGATAACGACATTATACCCATTTTTCTTATATTCGCGAATCCAATTATACAAGATACCGTTGCTT']
201,0,0,True,['TTTTTTTACGTAGGCATTGACGATACGCAATTTCAAGTTTTCTTCTTTGAGTTGCTGGATCTGCTTCTCTAAATCTTTGCGCGATGTTTGGGATTGCTTCTTCTGACTCATGAACGGAATGCCGTCCTTTCTTCTTGATAACGACATTATACCCATTTTTCTTATATTCGCGAATCCAATTATACAAGATACCGTTGCTTC']
202,0,0,True,['TTTTTTTACGTAGGCATTGACGATACGCAATTTCAAGTTTTCTTCTTTGAGTTGCTGGATCTGCTTCTCTAAATCTTTGCGCGATGTTTGGGATTGCTTCTTCTGACTCATGAACGGAATGCCGTCCTTTCTTCTTGATAACGACATTATACCCATTTTTCTTATATTCGCGAATCCAATTATACAAGATACCGTTGCTTCT']
203,0,0,True,['TTTTTTTACGTAGGCATTGACGATACGCAATTTCAAGTTTTCTTCTTTGAGTTGCTGGATCTGCTTCTCTAAATCTTTGCGCGATGTTTGGGATTGCTTCTTCTGACTCATGAACGGAATGCCGTCCTTTCTTCTTGATAACGACATTATACCCATTTTTCTTATATTCGCGAATCCAATTATACAAGATACCGTTGCTTCTT']
204,0,0,True,['TTTTTTTACGTAGGCATTGACGATACGCAATTTCAAGTTTTCTTCTTTGAGTTGCTGGATCTGCTTCTCTAAATCTTTGCGCGATGTTTGGGATTGCTTCTTCTGACTCATGAACGGAATGCCGTCCTTTCTTCTTGATAACGACATTATACCCATTTTTCTTATATTCGCGAATCCAATTATACAAGATACCGTTGCTTCTTA']
205,0,0,True,['TTTTTTTACGTAGGCATTGACGATACGCAATTTCAAGTTTTCTTCTTTGAGTTGCTGGATCTGCTTCTCTAAATCTTTGCGCGATGTTTGGGATTGCTTCTTCTGACTCATGAACGGAATGCCGTCCTTTCTTCTTGATAACGACATTATACCCATTTTTCTTATATTCGCGAATCCAATTATACAAGATACCGTTGCTTCTTAG']
206,0,0,True,['TTTTTTTACGTAGGCATTGACGATACGCAATTTCAAGTTTTCTTCTTTGAGTTGCTGGATCTGCTTCTCTAAATCTTTGCGCGATGTTTGGGATTGCTTCTTCTGACTCATGAACGGAATGCCGTCCTTTCTTCTTGATAACGACATTATACCCATTTTTCTTATATTCGCGAATCCAATTATACAAGATACCGTTGCTTCTTAGT']
207,0,0,True,['TTTTTTTACGTAGGCATTGACGATACGCAATTTCAAGTTTTCTTCTTTGAGTTGCTGGATCTGCTTCTCTAAATCTTTGCGCGATGTTTGGGATTGCTTCTTCTGACTCATGAACGGAATGCCGTCCTTTCTTCTTGATAACGACATTATACCCATTTTTCTTATATTCGCGAATCCAATTATACAAGATACCGTTGCTTCTTAGTC']
208,0,0,True,['TTTTTTTACGTAGGCATTGACGATACGCAATTTCAAGTTTTCTTCTTTGAGTTGCTGGATCTGCTTCTCTAAATCTTTGCGCGATGTTTGGGATTGCTTCTTCTGACTCATGAACGGAATGCCGTCCTTTCTTCTTGATAACGACATTATACCCATTTTTCTTATATTCGCGAATCCAATTATACAAGATACCGTTGCTTCTTAGTCC']
209,0,0,True,['TTTTTTTACGTAGGCATTGACGATACGCAATTTCAAGTTTTCTTCTTTGAGTTGCTGGATCTGCTTCTCTAAATCTTTGCGCGATGTTTGGGATTGCTTCTTCTGACTCATGAACGGAATGCCGTCCTTTCTTCTTGATAACGACATTATACCCATTTTTCTTATATTCGCGAATCCAATTATACAAGATACCGTTGCTTCTTAGTCCC']
210,0,0,True,['TTTTTTTACGTAGGCATTGACGATACGCAATTTCAAGTTTTCTTCTTTGAGTTGCTGGATCTGCTTCTCTAAATCTTTGCGCGATGTTTGGGATTGCTTCTTCTGACTCATGAACGGAATGCCGTCCTTTCTTCTTGATAACGACATTATACCCATTTTTCTTATATTCGCGAATCCAATTATACAAGATACCGTTGCTTCTTAGTCCCA']
211,0,0,True,['TTTTTTTACGTAGGCATTGACGATACGCAATTTCAAGTTTTCTTCTTTGAGTTGCTGGATCTGCTTCTCTAAATCTTTGCGCGATGTTTGGGATTGCTTCTTCTGACTCATGAACGGAATGCCGTCCTTTCTTCTTGATAACGACATTATACCCATTTTTCTTATATTCGCGAATCCAATTATACAAGATACCGTTGCTTCTTAGTCCCAG']
212,1,2,True,['TTTTTTTACGTAGGCATTGACGATACGCAATTTCAAGTTTTCTTCTTTGAGTTGCTGGATCTGCTTCTCTAAATCTTTGCGCGATGTTTGGGATTGCTTCTTCTGACTCATGAACGGAATGCCGTCCTTTCTTCTTGATAACGACATTATACCCATTTTTCTTATATTCGCGAATCCAATTATACAAGATACCGTTGCTTCTTAGTCCCAGA']
213,0,0,True,['TTTTTTTACGTAGGCATTGACGATACGCAATTTCAAGTTTTCTTCTTTGAGTTGCTGGATCTGCTTCTCTAAATCTTTGCGCGATGTTTGGGATTGCTTCTTCTGACTCATGAACGGAATGCCGTCCTTTCTTCTTGATAACGACATTATACCCATTTTTCTTATATTCGCGAATCCAATTATACAAGATACCGTTGCTTCTTAGTCCCAGAT']
214,0,0,True,['TTTTTTTACGTAGGCATTGACGATACGCAATTTCAAGTTTTCTTCTTTGAGTTGCTGGATCTGCTTCTCTAAATCTTTGCGCGATGTTTGGGATTGCTTCTTCTGACTCATGAACGGAATGCCGTCCTTTCTTCTTGATAACGACATTATACCCATTTTTCTTATATTCGCGAATCCAATTATACAAGATACCGTTGCTTCTTAGTCCCAGATC']
215,0,0,True,['TTTTTTTACGTAGGCATTGACGATACGCAATTTCAAGTTTTCTTCTTTGAGTTGCTGGATCTGCTTCTCTAAATCTTTGCGCGATGTTTGGGATTGCTTCTTCTGACTCATGAACGGAATGCCGTCCTTTCTTCTTGATAACGACATTATACCCATTTTTCTTATATTCGCGAATCCAATTATACAAGATACCGTTGCTTCTTAGTCCCAGATCT']
216,0,0,True,['TTTTTTTACGTAGGCATTGACGATACGCAATTTCAAGTTTTCTTCTTTGAGTTGCTGGATCTGCTTCTCTAAATCTTTGCGCGATGTTTGGGATTGCTTCTTCTGACTCATGAACGGAATGCCGTCCTTTCTTCTTGATAACGACATTATACCCATTTTTCTTATATTCGCGAATCCAATTATACAAGATACCGTTGCTTCTTAGTCCCAGATCTA']
217,0,0,True,['TTTTTTTACGTAGGCATTGACGATACGCAATTTCAAGTTTTCTTCTTTGAGTTGCTGGATCTGCTTCTCTAAATCTTTGCGCGATGTTTGGGATTGCTTCTTCTGACTCATGAACGGAATGCCGTCCTTTCTTCTTGATAACGACATTATACCCATTTTTCTTATATTCGCGAATCCAATTATACAAGATACCGTTGCTTCTTAGTCCCAGATCTAA']
218,0,0,True,['TTTTTTTACGTAGGCATTGACGATACGCAATTTCAAGTTTTCTTCTTTGAGTTGCTGGATCTGCTTCTCTAAATCTTTGCGCGATGTTTGGGATTGCTTCTTCTGACTCATGAACGGAATGCCGTCCTTTCTTCTTGATAACGACATTATACCCATTTTTCTTATATTCGCGAATCCAATTATACAAGATACCGTTGCTTCTTAGTCCCAGATCTAAA']
219,0,0,True,['TTTTTTTACGTAGGCATTGACGATACGCAATTTCAAGTTTTCTTCTTTGAGTTGCTGGATCTGCTTCTCTAAATCTTTGCGCGATGTTTGGGATTGCTTCTTCTGACTCATGAACGGAATGCCGTCCTTTCTTCTTGATAACGACATTATACCCATTTTTCTTATATTCGCGAATCCAATTATACAAGATACCGTTGCTTCTTAGTCCCAGATCTAAAG']
220,0,0,True,['TTTTTTTACGTAGGCATTGACGATACGCAATTTCAAGTTTTCTTCTTTGAGTTGCTGGATCTGCTTCTCTAAATCTTTGCGCGATGTTTGGGATTGCTTCTTCTGACTCATGAACGGAATGCCGTCCTTTCTTCTTGATAACGACATTATACCCATTTTTCTTATATTCGCGAATCCAATTATACAAGATACCGTTGCTTCTTAGTCCCAGATCTAAAGA']
221,0,0,True,['TTTTTTTACGTAGGCATTGACGATACGCAATTTCAAGTTTTCTTCTTTGAGTTGCTGGATCTGCTTCTCTAAATCTTTGCGCGATGTTTGGGATTGCTTCTTCTGACTCATGAACGGAATGCCGTCCTTTCTTCTTGATAACGACATTATACCCATTTTTCTTATATTCGCGAATCCAATTATACAAGATACCGTTGCTTCTTAGTCCCAGATCTAAAGAC']
222,0,0,True,['TTTTTTTACGTAGGCATTGACGATACGCAATTTCAAGTTTTCTTCTTTGAGTTGCTGGATCTGCTTCTCTAAATCTTTGCGCGATGTTTGGGATTGCTTCTTCTGACTCATGAACGGAATGCCGTCCTTTCTTCTTGATAACGACATTATACCCATTTTTCTTATATTCGCGAATCCAATTATACAAGATACCGTTGCTTCTTAGTCCCAGATCTAAAGACA']
223,1,2,True,['TTTTTTTACGTAGGCATTGACGATACGCAATTTCAAGTTTTCTTCTTTGAGTTGCTGGATCTGCTTCTCTAAATCTTTGCGCGATGTTTGGGATTGCTTCTTCTGACTCATGAACGGAATGCCGTCCTTTCTTCTTGATAACGACATTATACCCATTTTTCTTATATTCGCGAATCCAATTATACAAGATACCGTTGCTTCTTAGTCCCAGATCTAAAGACAA']
224,0,0,True,['TTTTTTTACGTAGGCATTGACGATACGCAATTTCAAGTTTTCTTCTTTGAGTTGCTGGATCTGCTTCTCTAAATCTTTGCGCGATGTTTGGGATTGCTTCTTCTGACTCATGAACGGAATGCCGTCCTTTCTTCTTGATAACGACATTATACCCATTTTTCTTATATTCGCGAATCCAATTATACAAGATACCGTTGCTTCTTAGTCCCAGATCTAAAGACAAC']
225,0,0,True,['TTTTTTTACGTAGGCATTGACGATACGCAATTTCAAGTTTTCTTCTTTGAGTTGCTGGATCTGCTTCTCTAAATCTTTGCGCGATGTTTGGGATTGCTTCTTCTGACTCATGAACGGAATGCCGTCCTTTCTTCTTGATAACGACATTATACCCATTTTTCTTATATTCGCGAATCCAATTATACAAGATACCGTTGCTTCTTAGTCCCAGATCTAAAGACAACT']
226,0,0,True,['TTTTTTTACGTAGGCATTGACGATACGCAATTTCAAGTTTTCTTCTTTGAGTTGCTGGATCTGCTTCTCTAAATCTTTGCGCGATGTTTGGGATTGCTTCTTCTGACTCATGAACGGAATGCCGTCCTTTCTTCTTGATAACGACATTATACCCATTTTTCTTATATTCGCGAATCCAATTATACAAGATACCGTTGCTTCTTAGTCCCAGATCTAAAGACAACTG']
227,0,0,True,['TTTTTTTACGTAGGCATTGACGATACGCAATTTCAAGTTTTCTTCTTTGAGTTGCTGGATCTGCTTCTCTAAATCTTTGCGCGATGTTTGGGATTGCTTCTTCTGACTCATGAACGGAATGCCGTCCTTTCTTCTTGATAACGACATTATACCCATTTTTCTTATATTCGCGAATCCAATTATACAAGATACCGTTGCTTCTTAGTCCCAGATCTAAAGACAACTGA']
228,1,2,True,['TTTTTTTACGTAGGCATTGACGATACGCAATTTCAAGTTTTCTTCTTTGAGTTGCTGGATCTGCTTCTCTAAATCTTTGCGCGATGTTTGGGATTGCTTCTTCTGACTCATGAACGGAATGCCGTCCTTTCTTCTTGATAACGACATTATACCCATTTTTCTTATATTCGCGAATCCAATTATACAAGATACCGTTGCTTCTTAGTCCCAGATCTAAAGACAACTGAT']
229,0,0,True,['TTTTTTTACGTAGGCATTGACGATACGCAATTTCAAGTTTTCTTCTTTGAGTTGCTGGATCTGCTTCTCTAAATCTTTGCGCGATGTTTGGGATTGCTTCTTCTGACTCATGAACGGAATGCCGTCCTTTCTTCTTGATAACGACATTATACCCATTTTTCTTATATTCGCGAATCCAATTATACAAGATACCGTTGCTTCTTAGTCCCAGATCTAAAGACAACTGATT']
230,0,0,True,['TTTTTTTACGTAGGCATTGACGATACGCAATTTCAAGTTTTCTTCTTTGAGTTGCTGGATCTGCTTCTCTAAATCTTTGCGCGATGTTTGGGATTGCTTCTTCTGACTCATGAACGGAATGCCGTCCTTTCTTCTTGATAACGACATTATACCCATTTTTCTTATATTCGCGAATCCAATTATACAAGATACCGTTGCTTCTTAGTCCCAGATCTAAAGACAACTGATTA']
231,0,0,True,['TTTTTTTACGTAGGCATTGACGATACGCAATTTCAAGTTTTCTTCTTTGAGTTGCTGGATCTGCTTCTCTAAATCTTTGCGCGATGTTTGGGATTGCTTCTTCTGACTCATGAACGGAATGCCGTCCTTTCTTCTTGATAACGACATTATACCCATTTTTCTTATATTCGCGAATCCAATTATACAAGATACCGTTGCTTCTTAGTCCCAGATCTAAAGACAACTGATTAA']
232,0,0,True,['TTTTTTTACGTAGGCATTGACGATACGCAATTTCAAGTTTTCTTCTTTGAGTTGCTGGATCTGCTTCTCTAAATCTTTGCGCGATGTTTGGGATTGCTTCTTCTGACTCATGAACGGAATGCCGTCCTTTCTTCTTGATAACGACATTATACCCATTTTTCTTATATTCGCGAATCCAATTATACAAGATACCGTTGCTTCTTAGTCCCAGATCTAAAGACAACTGATTAAT']
233,0,0,True,['TTTTTTTACGTAGGCATTGACGATACGCAATTTCAAGTTTTCTTCTTTGAGTTGCTGGATCTGCTTCTCTAAATCTTTGCGCGATGTTTGGGATTGCTTCTTCTGACTCATGAACGGAATGCCGTCCTTTCTTCTTGATAACGACATTATACCCATTTTTCTTATATTCGCGAATCCAATTATACAAGATACCGTTGCTTCTTAGTCCCAGATCTAAAGACAACTGATTAATT']
234,0,0,True,['TTTTTTTACGTAGGCATTGACGATACGCAATTTCAAGTTTTCTTCTTTGAGTTGCTGGATCTGCTTCTCTAAATCTTTGCGCGATGTTTGGGATTGCTTCTTCTGACTCATGAACGGAATGCCGTCCTTTCTTCTTGATAACGACATTATACCCATTTTTCTTATATTCGCGAATCCAATTATACAAGATACCGTTGCTTCTTAGTCCCAGATCTAAAGACAACTGATTAATTG']
235,0,0,True,['TTTTTTTACGTAGGCATTGACGATACGCAATTTCAAGTTTTCTTCTTTGAGTTGCTGGATCTGCTTCTCTAAATCTTTGCGCGATGTTTGGGATTGCTTCTTCTGACTCATGAACGGAATGCCGTCCTTTCTTCTTGATAACGACATTATACCCATTTTTCTTATATTCGCGAATCCAATTATACAAGATACCGTTGCTTCTTAGTCCCAGATCTAAAGACAACTGATTAATTGA']
236,0,0,True,['TTTTTTTACGTAGGCATTGACGATACGCAATTTCAAGTTTTCTTCTTTGAGTTGCTGGATCTGCTTCTCTAAATCTTTGCGCGATGTTTGGGATTGCTTCTTCTGACTCATGAACGGAATGCCGTCCTTTCTTCTTGATAACGACATTATACCCATTTTTCTTATATTCGCGAATCCAATTATACAAGATACCGTTGCTTCTTAGTCCCAGATCTAAAGACAACTGATTAATTGAA']
237,0,0,True,['TTTTTTTACGTAGGCATTGACGATACGCAATTTCAAGTTTTCTTCTTTGAGTTGCTGGATCTGCTTCTCTAAATCTTTGCGCGATGTTTGGGATTGCTTCTTCTGACTCATGAACGGAATGCCGTCCTTTCTTCTTGATAACGACATTATACCCATTTTTCTTATATTCGCGAATCCAATTATACAAGATACCGTTGCTTCTTAGTCCCAGATCTAAAGACAACTGATTAATTGAAT']
238,0,0,True,['TTTTTTTACGTAGGCATTGACGATACGCAATTTCAAGTTTTCTTCTTTGAGTTGCTGGATCTGCTTCTCTAAATCTTTGCGCGATGTTTGGGATTGCTTCTTCTGACTCATGAACGGAATGCCGTCCTTTCTTCTTGATAACGACATTATACCCATTTTTCTTATATTCGCGAATCCAATTATACAAGATACCGTTGCTTCTTAGTCCCAGATCTAAAGACAACTGATTAATTGAATT']
239,0,0,True,['TTTTTTTACGTAGGCATTGACGATACGCAATTTCAAGTTTTCTTCTTTGAGTTGCTGGATCTGCTTCTCTAAATCTTTGCGCGATGTTTGGGATTGCTTCTTCTGACTCATGAACGGAATGCCGTCCTTTCTTCTTGATAACGACATTATACCCATTTTTCTTATATTCGCGAATCCAATTATACAAGATACCGTTGCTTCTTAGTCCCAGATCTAAAGACAACTGATTAATTGAATTA']
240,1,2,True,['TTTTTTTACGTAGGCATTGACGATACGCAATTTCAAGTTTTCTTCTTTGAGTTGCTGGATCTGCTTCTCTAAATCTTTGCGCGATGTTTGGGATTGCTTCTTCTGACTCATGAACGGAATGCCGTCCTTTCTTCTTGATAACGACATTATACCCATTTTTCTTATATTCGCGAATCCAATTATACAAGATACCGTTGCTTCTTAGTCCCAGATCTAAAGACAACTGATTAATTGAATTAT']
241,0,0,True,['TTTTTTTACGTAGGCATTGACGATACGCAATTTCAAGTTTTCTTCTTTGAGTTGCTGGATCTGCTTCTCTAAATCTTTGCGCGATGTTTGGGATTGCTTCTTCTGACTCATGAACGGAATGCCGTCCTTTCTTCTTGATAACGACATTATACCCATTTTTCTTATATTCGCGAATCCAATTATACAAGATACCGTTGCTTCTTAGTCCCAGATCTAAAGACAACTGATTAATTGAATTATT']
242,0,0,True,['TTTTTTTACGTAGGCATTGACGATACGCAATTTCAAGTTTTCTTCTTTGAGTTGCTGGATCTGCTTCTCTAAATCTTTGCGCGATGTTTGGGATTGCTTCTTCTGACTCATGAACGGAATGCCGTCCTTTCTTCTTGATAACGACATTATACCCATTTTTCTTATATTCGCGAATCCAATTATACAAGATACCGTTGCTTCTTAGTCCCAGATCTAAAGACAACTGATTAATTGAATTATTA']
243,0,0,True,['TTTTTTTACGTAGGCATTGACGATACGCAATTTCAAGTTTTCTTCTTTGAGTTGCTGGATCTGCTTCTCTAAATCTTTGCGCGATGTTTGGGATTGCTTCTTCTGACTCATGAACGGAATGCCGTCCTTTCTTCTTGATAACGACATTATACCCATTTTTCTTATATTCGCGAATCCAATTATACAAGATACCGTTGCTTCTTAGTCCCAGATCTAAAGACAACTGATTAATTGAATTATTAC']
244,0,0,True,['TTTTTTTACGTAGGCATTGACGATACGCAATTTCAAGTTTTCTTCTTTGAGTTGCTGGATCTGCTTCTCTAAATCTTTGCGCGATGTTTGGGATTGCTTCTTCTGACTCATGAACGGAATGCCGTCCTTTCTTCTTGATAACGACATTATACCCATTTTTCTTATATTCGCGAATCCAATTATACAAGATACCGTTGCTTCTTAGTCCCAGATCTAAAGACAACTGATTAATTGAATTATTACC']
245,0,0,True,['TTTTTTTACGTAGGCATTGACGATACGCAATTTCAAGTTTTCTTCTTTGAGTTGCTGGATCTGCTTCTCTAAATCTTTGCGCGATGTTTGGGATTGCTTCTTCTGACTCATGAACGGAATGCCGTCCTTTCTTCTTGATAACGACATTATACCCATTTTTCTTATATTCGCGAATCCAATTATACAAGATACCGTTGCTTCTTAGTCCCAGATCTAAAGACAACTGATTAATTGAATTATTACCA']
246,0,0,True,['TTTTTTTACGTAGGCATTGACGATACGCAATTTCAAGTTTTCTTCTTTGAGTTGCTGGATCTGCTTCTCTAAATCTTTGCGCGATGTTTGGGATTGCTTCTTCTGACTCATGAACGGAATGCCGTCCTTTCTTCTTGATAACGACATTATACCCATTTTTCTTATATTCGCGAATCCAATTATACAAGATACCGTTGCTTCTTAGTCCCAGATCTAAAGACAACTGATTAATTGAATTATTACCAG']
247,0,0,True,['TTTTTTTACGTAGGCATTGACGATACGCAATTTCAAGTTTTCTTCTTTGAGTTGCTGGATCTGCTTCTCTAAATCTTTGCGCGATGTTTGGGATTGCTTCTTCTGACTCATGAACGGAATGCCGTCCTTTCTTCTTGATAACGACATTATACCCATTTTTCTTATATTCGCGAATCCAATTATACAAGATACCGTTGCTTCTTAGTCCCAGATCTAAAGACAACTGATTAATTGAATTATTACCAGT']
248,0,0,True,['TTTTTTTACGTAGGCATTGACGATACGCAATTTCAAGTTTTCTTCTTTGAGTTGCTGGATCTGCTTCTCTAAATCTTTGCGCGATGTTTGGGATTGCTTCTTCTGACTCATGAACGGAATGCCGTCCTTTCTTCTTGATAACGACATTATACCCATTTTTCTTATATTCGCGAATCCAATTATACAAGATACCGTTGCTTCTTAGTCCCAGATCTAAAGACAACTGATTAATTGAATTATTACCAGTT']
249,0,0,True,['TTTTTTTACGTAGGCATTGACGATACGCAATTTCAAGTTTTCTTCTTTGAGTTGCTGGATCTGCTTCTCTAAATCTTTGCGCGATGTTTGGGATTGCTTCTTCTGACTCATGAACGGAATGCCGTCCTTTCTTCTTGATAACGACATTATACCCATTTTTCTTATATTCGCGAATCCAATTATACAAGATACCGTTGCTTCTTAGTCCCAGATCTAAAGACAACTGATTAATTGAATTATTACCAGTTA']
250,0,0,True,['TTTTTTTACGTAGGCATTGACGATACGCAATTTCAAGTTTTCTTCTTTGAGTTGCTGGATCTGCTTCTCTAAATCTTTGCGCGATGTTTGGGATTGCTTCTTCTGACTCATGAACGGAATGCCGTCCTTTCTTCTTGATAACGACATTATACCCATTTTTCTTATATTCGCGAATCCAATTATACAAGATACCGTTGCTTCTTAGTCCCAGATCTAAAGACAACTGATTAATTGAATTATTACCAGTTAA']
251,0,0,True,['TTTTTTTACGTAGGCATTGACGATACGCAATTTCAAGTTTTCTTCTTTGAGTTGCTGGATCTGCTTCTCTAAATCTTTGCGCGATGTTTGGGATTGCTTCTTCTGACTCATGAACGGAATGCCGTCCTTTCTTCTTGATAACGACATTATACCCATTTTTCTTATATTCGCGAATCCAATTATACAAGATACCGTTGCTTCTTAGTCCCAGATCTAAAGACAACTGATTAATTGAATTATTACCAGTTAAT']
252,0,0,True,['TTTTTTTACGTAGGCATTGACGATACGCAATTTCAAGTTTTCTTCTTTGAGTTGCTGGATCTGCTTCTCTAAATCTTTGCGCGATGTTTGGGATTGCTTCTTCTGACTCATGAACGGAATGCCGTCCTTTCTTCTTGATAACGACATTATACCCATTTTTCTTATATTCGCGAATCCAATTATACAAGATACCGTTGCTTCTTAGTCCCAGATCTAAAGACAACTGATTAATTGAATTATTACCAGTTAATG']
253,0,0,True,['TTTTTTTACGTAGGCATTGACGATACGCAATTTCAAGTTTTCTTCTTTGAGTTGCTGGATCTGCTTCTCTAAATCTTTGCGCGATGTTTGGGATTGCTTCTTCTGACTCATGAACGGAATGCCGTCCTTTCTTCTTGATAACGACATTATACCCATTTTTCTTATATTCGCGAATCCAATTATACAAGATACCGTTGCTTCTTAGTCCCAGATCTAAAGACAACTGATTAATTGAATTATTACCAGTTAATGA']
254,0,0,True,['TTTTTTTACGTAGGCATTGACGATACGCAATTTCAAGTTTTCTTCTTTGAGTTGCTGGATCTGCTTCTCTAAATCTTTGCGCGATGTTTGGGATTGCTTCTTCTGACTCATGAACGGAATGCCGTCCTTTCTTCTTGATAACGACATTATACCCATTTTTCTTATATTCGCGAATCCAATTATACAAGATACCGTTGCTTCTTAGTCCCAGATCTAAAGACAACTGATTAATTGAATTATTACCAGTTAATGAT']
255,0,0,True,['TTTTTTTACGTAGGCATTGACGATACGCAATTTCAAGTTTTCTTCTTTGAGTTGCTGGATCTGCTTCTCTAAATCTTTGCGCGATGTTTGGGATTGCTTCTTCTGACTCATGAACGGAATGCCGTCCTTTCTTCTTGATAACGACATTATACCCATTTTTCTTATATTCGCGAATCCAATTATACAAGATACCGTTGCTTCTTAGTCCCAGATCTAAAGACAACTGATTAATTGAATTATTACCAGTTAATGATC']
256,0,0,True,['TTTTTTTACGTAGGCATTGACGATACGCAATTTCAAGTTTTCTTCTTTGAGTTGCTGGATCTGCTTCTCTAAATCTTTGCGCGATGTTTGGGATTGCTTCTTCTGACTCATGAACGGAATGCCGTCCTTTCTTCTTGATAACGACATTATACCCATTTTTCTTATATTCGCGAATCCAATTATACAAGATACCGTTGCTTCTTAGTCCCAGATCTAAAGACAACTGATTAATTGAATTATTACCAGTTAATGATCT']
257,0,0,True,['TTTTTTTACGTAGGCATTGACGATACGCAATTTCAAGTTTTCTTCTTTGAGTTGCTGGATCTGCTTCTCTAAATCTTTGCGCGATGTTTGGGATTGCTTCTTCTGACTCATGAACGGAATGCCGTCCTTTCTTCTTGATAACGACATTATACCCATTTTTCTTATATTCGCGAATCCAATTATACAAGATACCGTTGCTTCTTAGTCCCAGATCTAAAGACAACTGATTAATTGAATTATTACCAGTTAATGATCTA']
258,0,0,True,['TTTTTTTACGTAGGCATTGACGATACGCAATTTCAAGTTTTCTTCTTTGAGTTGCTGGATCTGCTTCTCTAAATCTTTGCGCGATGTTTGGGATTGCTTCTTCTGACTCATGAACGGAATGCCGTCCTTTCTTCTTGATAACGACATTATACCCATTTTTCTTATATTCGCGAATCCAATTATACAAGATACCGTTGCTTCTTAGTCCCAGATCTAAAGACAACTGATTAATTGAATTATTACCAGTTAATGATCTAA']
259,0,0,True,['TTTTTTTACGTAGGCATTGACGATACGCAATTTCAAGTTTTCTTCTTTGAGTTGCTGGATCTGCTTCTCTAAATCTTTGCGCGATGTTTGGGATTGCTTCTTCTGACTCATGAACGGAATGCCGTCCTTTCTTCTTGATAACGACATTATACCCATTTTTCTTATATTCGCGAATCCAATTATACAAGATACCGTTGCTTCTTAGTCCCAGATCTAAAGACAACTGATTAATTGAATTATTACCAGTTAATGATCTAAC']
260,0,0,True,['TTTTTTTACGTAGGCATTGACGATACGCAATTTCAAGTTTTCTTCTTTGAGTTGCTGGATCTGCTTCTCTAAATCTTTGCGCGATGTTTGGGATTGCTTCTTCTGACTCATGAACGGAATGCCGTCCTTTCTTCTTGATAACGACATTATACCCATTTTTCTTATATTCGCGAATCCAATTATACAAGATACCGTTGCTTCTTAGTCCCAGATCTAAAGACAACTGATTAATTGAATTATTACCAGTTAATGATCTAACA']
261,0,0,True,['TTTTTTTACGTAGGCATTGACGATACGCAATTTCAAGTTTTCTTCTTTGAGTTGCTGGATCTGCTTCTCTAAATCTTTGCGCGATGTTTGGGATTGCTTCTTCTGACTCATGAACGGAATGCCGTCCTTTCTTCTTGATAACGACATTATACCCATTTTTCTTATATTCGCGAATCCAATTATACAAGATACCGTTGCTTCTTAGTCCCAGATCTAAAGACAACTGATTAATTGAATTATTACCAGTTAATGATCTAACAA']
262,0,0,True,['TTTTTTTACGTAGGCATTGACGATACGCAATTTCAAGTTTTCTTCTTTGAGTTGCTGGATCTGCTTCTCTAAATCTTTGCGCGATGTTTGGGATTGCTTCTTCTGACTCATGAACGGAATGCCGTCCTTTCTTCTTGATAACGACATTATACCCATTTTTCTTATATTCGCGAATCCAATTATACAAGATACCGTTGCTTCTTAGTCCCAGATCTAAAGACAACTGATTAATTGAATTATTACCAGTTAATGATCTAACAAT']
263,0,0,True,['TTTTTTTACGTAGGCATTGACGATACGCAATTTCAAGTTTTCTTCTTTGAGTTGCTGGATCTGCTTCTCTAAATCTTTGCGCGATGTTTGGGATTGCTTCTTCTGACTCATGAACGGAATGCCGTCCTTTCTTCTTGATAACGACATTATACCCATTTTTCTTATATTCGCGAATCCAATTATACAAGATACCGTTGCTTCTTAGTCCCAGATCTAAAGACAACTGATTAATTGAATTATTACCAGTTAATGATCTAACAATG']
264,0,0,True,['TTTTTTTACGTAGGCATTGACGATACGCAATTTCAAGTTTTCTTCTTTGAGTTGCTGGATCTGCTTCTCTAAATCTTTGCGCGATGTTTGGGATTGCTTCTTCTGACTCATGAACGGAATGCCGTCCTTTCTTCTTGATAACGACATTATACCCATTTTTCTTATATTCGCGAATCCAATTATACAAGATACCGTTGCTTCTTAGTCCCAGATCTAAAGACAACTGATTAATTGAATTATTACCAGTTAATGATCTAACAATGG']
265,0,0,True,['TTTTTTTACGTAGGCATTGACGATACGCAATTTCAAGTTTTCTTCTTTGAGTTGCTGGATCTGCTTCTCTAAATCTTTGCGCGATGTTTGGGATTGCTTCTTCTGACTCATGAACGGAATGCCGTCCTTTCTTCTTGATAACGACATTATACCCATTTTTCTTATATTCGCGAATCCAATTATACAAGATACCGTTGCTTCTTAGTCCCAGATCTAAAGACAACTGATTAATTGAATTATTACCAGTTAATGATCTAACAATGGC']
266,0,0,True,['TTTTTTTACGTAGGCATTGACGATACGCAATTTCAAGTTTTCTTCTTTGAGTTGCTGGATCTGCTTCTCTAAATCTTTGCGCGATGTTTGGGATTGCTTCTTCTGACTCATGAACGGAATGCCGTCCTTTCTTCTTGATAACGACATTATACCCATTTTTCTTATATTCGCGAATCCAATTATACAAGATACCGTTGCTTCTTAGTCCCAGATCTAAAGACAACTGATTAATTGAATTATTACCAGTTAATGATCTAACAATGGCT']
267,0,0,True,['TTTTTTTACGTAGGCATTGACGATACGCAATTTCAAGTTTTCTTCTTTGAGTTGCTGGATCTGCTTCTCTAAATCTTTGCGCGATGTTTGGGATTGCTTCTTCTGACTCATGAACGGAATGCCGTCCTTTCTTCTTGATAACGACATTATACCCATTTTTCTTATATTCGCGAATCCAATTATACAAGATACCGTTGCTTCTTAGTCCCAGATCTAAAGACAACTGATTAATTGAATTATTACCAGTTAATGATCTAACAATGGCTT']
268,0,0,True,['TTTTTTTACGTAGGCATTGACGATACGCAATTTCAAGTTTTCTTCTTTGAGTTGCTGGATCTGCTTCTCTAAATCTTTGCGCGATGTTTGGGATTGCTTCTTCTGACTCATGAACGGAATGCCGTCCTTTCTTCTTGATAACGACATTATACCCATTTTTCTTATATTCGCGAATCCAATTATACAAGATACCGTTGCTTCTTAGTCCCAGATCTAAAGACAACTGATTAATTGAATTATTACCAGTTAATGATCTAACAATGGCTTT']
269,0,0,True,['TTTTTTTACGTAGGCATTGACGATACGCAATTTCAAGTTTTCTTCTTTGAGTTGCTGGATCTGCTTCTCTAAATCTTTGCGCGATGTTTGGGATTGCTTCTTCTGACTCATGAACGGAATGCCGTCCTTTCTTCTTGATAACGACATTATACCCATTTTTCTTATATTCGCGAATCCAATTATACAAGATACCGTTGCTTCTTAGTCCCAGATCTAAAGACAACTGATTAATTGAATTATTACCAGTTAATGATCTAACAATGGCTTTT']
270,0,0,True,['TTTTTTTACGTAGGCATTGACGATACGCAATTTCAAGTTTTCTTCTTTGAGTTGCTGGATCTGCTTCTCTAAATCTTTGCGCGATGTTTGGGATTGCTTCTTCTGACTCATGAACGGAATGCCGTCCTTTCTTCTTGATAACGACATTATACCCATTTTTCTTATATTCGCGAATCCAATTATACAAGATACCGTTGCTTCTTAGTCCCAGATCTAAAGACAACTGATTAATTGAATTATTACCAGTTAATGATCTAACAATGGCTTTTT']
271,0,0,True,['TTTTTTTACGTAGGCATTGACGATACGCAATTTCAAGTTTTCTTCTTTGAGTTGCTGGATCTGCTTCTCTAAATCTTTGCGCGATGTTTGGGATTGCTTCTTCTGACTCATGAACGGAATGCCGTCCTTTCTTCTTGATAACGACATTATACCCATTTTTCTTATATTCGCGAATCCAATTATACAAGATACCGTTGCTTCTTAGTCCCAGATCTAAAGACAACTGATTAATTGAATTATTACCAGTTAATGATCTAACAATGGCTTTTTC']
272,0,0,True,['TTTTTTTACGTAGGCATTGACGATACGCAATTTCAAGTTTTCTTCTTTGAGTTGCTGGATCTGCTTCTCTAAATCTTTGCGCGATGTTTGGGATTGCTTCTTCTGACTCATGAACGGAATGCCGTCCTTTCTTCTTGATAACGACATTATACCCATTTTTCTTATATTCGCGAATCCAATTATACAAGATACCGTTGCTTCTTAGTCCCAGATCTAAAGACAACTGATTAATTGAATTATTACCAGTTAATGATCTAACAATGGCTTTTTCC']
273,0,0,True,['TTTTTTTACGTAGGCATTGACGATACGCAATTTCAAGTTTTCTTCTTTGAGTTGCTGGATCTGCTTCTCTAAATCTTTGCGCGATGTTTGGGATTGCTTCTTCTGACTCATGAACGGAATGCCGTCCTTTCTTCTTGATAACGACATTATACCCATTTTTCTTATATTCGCGAATCCAATTATACAAGATACCGTTGCTTCTTAGTCCCAGATCTAAAGACAACTGATTAATTGAATTATTACCAGTTAATGATCTAACAATGGCTTTTTCCT']
274,0,0,True,['TTTTTTTACGTAGGCATTGACGATACGCAATTTCAAGTTTTCTTCTTTGAGTTGCTGGATCTGCTTCTCTAAATCTTTGCGCGATGTTTGGGATTGCTTCTTCTGACTCATGAACGGAATGCCGTCCTTTCTTCTTGATAACGACATTATACCCATTTTTCTTATATTCGCGAATCCAATTATACAAGATACCGTTGCTTCTTAGTCCCAGATCTAAAGACAACTGATTAATTGAATTATTACCAGTTAATGATCTAACAATGGCTTTTTCCTT']
275,0,0,True,['TTTTTTTACGTAGGCATTGACGATACGCAATTTCAAGTTTTCTTCTTTGAGTTGCTGGATCTGCTTCTCTAAATCTTTGCGCGATGTTTGGGATTGCTTCTTCTGACTCATGAACGGAATGCCGTCCTTTCTTCTTGATAACGACATTATACCCATTTTTCTTATATTCGCGAATCCAATTATACAAGATACCGTTGCTTCTTAGTCCCAGATCTAAAGACAACTGATTAATTGAATTATTACCAGTTAATGATCTAACAATGGCTTTTTCCTTA']
276,0,0,True,['TTTTTTTACGTAGGCATTGACGATACGCAATTTCAAGTTTTCTTCTTTGAGTTGCTGGATCTGCTTCTCTAAATCTTTGCGCGATGTTTGGGATTGCTTCTTCTGACTCATGAACGGAATGCCGTCCTTTCTTCTTGATAACGACATTATACCCATTTTTCTTATATTCGCGAATCCAATTATACAAGATACCGTTGCTTCTTAGTCCCAGATCTAAAGACAACTGATTAATTGAATTATTACCAGTTAATGATCTAACAATGGCTTTTTCCTTAA']
277,0,0,True,['TTTTTTTACGTAGGCATTGACGATACGCAATTTCAAGTTTTCTTCTTTGAGTTGCTGGATCTGCTTCTCTAAATCTTTGCGCGATGTTTGGGATTGCTTCTTCTGACTCATGAACGGAATGCCGTCCTTTCTTCTTGATAACGACATTATACCCATTTTTCTTATATTCGCGAATCCAATTATACAAGATACCGTTGCTTCTTAGTCCCAGATCTAAAGACAACTGATTAATTGAATTATTACCAGTTAATGATCTAACAATGGCTTTTTCCTTAAA']
278,0,0,True,['TTTTTTTACGTAGGCATTGACGATACGCAATTTCAAGTTTTCTTCTTTGAGTTGCTGGATCTGCTTCTCTAAATCTTTGCGCGATGTTTGGGATTGCTTCTTCTGACTCATGAACGGAATGCCGTCCTTTCTTCTTGATAACGACATTATACCCATTTTTCTTATATTCGCGAATCCAATTATACAAGATACCGTTGCTTCTTAGTCCCAGATCTAAAGACAACTGATTAATTGAATTATTACCAGTTAATGATCTAACAATGGCTTTTTCCTTAAAT']
279,0,0,True,['TTTTTTTACGTAGGCATTGACGATACGCAATTTCAAGTTTTCTTCTTTGAGTTGCTGGATCTGCTTCTCTAAATCTTTGCGCGATGTTTGGGATTGCTTCTTCTGACTCATGAACGGAATGCCGTCCTTTCTTCTTGATAACGACATTATACCCATTTTTCTTATATTCGCGAATCCAATTATACAAGATACCGTTGCTTCTTAGTCCCAGATCTAAAGACAACTGATTAATTGAATTATTACCAGTTAATGATCTAACAATGGCTTTTTCCTTAAATT']
280,0,0,True,['TTTTTTTACGTAGGCATTGACGATACGCAATTTCAAGTTTTCTTCTTTGAGTTGCTGGATCTGCTTCTCTAAATCTTTGCGCGATGTTTGGGATTGCTTCTTCTGACTCATGAACGGAATGCCGTCCTTTCTTCTTGATAACGACATTATACCCATTTTTCTTATATTCGCGAATCCAATTATACAAGATACCGTTGCTTCTTAGTCCCAGATCTAAAGACAACTGATTAATTGAATTATTACCAGTTAATGATCTAACAATGGCTTTTTCCTTAAATTC']
281,0,0,True,['TTTTTTTACGTAGGCATTGACGATACGCAATTTCAAGTTTTCTTCTTTGAGTTGCTGGATCTGCTTCTCTAAATCTTTGCGCGATGTTTGGGATTGCTTCTTCTGACTCATGAACGGAATGCCGTCCTTTCTTCTTGATAACGACATTATACCCATTTTTCTTATATTCGCGAATCCAATTATACAAGATACCGTTGCTTCTTAGTCCCAGATCTAAAGACAACTGATTAATTGAATTATTACCAGTTAATGATCTAACAATGGCTTTTTCCTTAAATTCT']
282,0,0,True,['TTTTTTTACGTAGGCATTGACGATACGCAATTTCAAGTTTTCTTCTTTGAGTTGCTGGATCTGCTTCTCTAAATCTTTGCGCGATGTTTGGGATTGCTTCTTCTGACTCATGAACGGAATGCCGTCCTTTCTTCTTGATAACGACATTATACCCATTTTTCTTATATTCGCGAATCCAATTATACAAGATACCGTTGCTTCTTAGTCCCAGATCTAAAGACAACTGATTAATTGAATTATTACCAGTTAATGATCTAACAATGGCTTTTTCCTTAAATTCTT']
283,0,0,True,['TTTTTTTACGTAGGCATTGACGATACGCAATTTCAAGTTTTCTTCTTTGAGTTGCTGGATCTGCTTCTCTAAATCTTTGCGCGATGTTTGGGATTGCTTCTTCTGACTCATGAACGGAATGCCGTCCTTTCTTCTTGATAACGACATTATACCCATTTTTCTTATATTCGCGAATCCAATTATACAAGATACCGTTGCTTCTTAGTCCCAGATCTAAAGACAACTGATTAATTGAATTATTACCAGTTAATGATCTAACAATGGCTTTTTCCTTAAATTCTTT']
284,0,0,True,['TTTTTTTACGTAGGCATTGACGATACGCAATTTCAAGTTTTCTTCTTTGAGTTGCTGGATCTGCTTCTCTAAATCTTTGCGCGATGTTTGGGATTGCTTCTTCTGACTCATGAACGGAATGCCGTCCTTTCTTCTTGATAACGACATTATACCCATTTTTCTTATATTCGCGAATCCAATTATACAAGATACCGTTGCTTCTTAGTCCCAGATCTAAAGACAACTGATTAATTGAATTATTACCAGTTAATGATCTAACAATGGCTTTTTCCTTAAATTCTTTG']
285,0,0,True,['TTTTTTTACGTAGGCATTGACGATACGCAATTTCAAGTTTTCTTCTTTGAGTTGCTGGATCTGCTTCTCTAAATCTTTGCGCGATGTTTGGGATTGCTTCTTCTGACTCATGAACGGAATGCCGTCCTTTCTTCTTGATAACGACATTATACCCATTTTTCTTATATTCGCGAATCCAATTATACAAGATACCGTTGCTTCTTAGTCCCAGATCTAAAGACAACTGATTAATTGAATTATTACCAGTTAATGATCTAACAATGGCTTTTTCCTTAAATTCTTTGG']
286,0,0,True,['TTTTTTTACGTAGGCATTGACGATACGCAATTTCAAGTTTTCTTCTTTGAGTTGCTGGATCTGCTTCTCTAAATCTTTGCGCGATGTTTGGGATTGCTTCTTCTGACTCATGAACGGAATGCCGTCCTTTCTTCTTGATAACGACATTATACCCATTTTTCTTATATTCGCGAATCCAATTATACAAGATACCGTTGCTTCTTAGTCCCAGATCTAAAGACAACTGATTAATTGAATTATTACCAGTTAATGATCTAACAATGGCTTTTTCCTTAAATTCTTTGGT']
287,0,0,True,['TTTTTTTACGTAGGCATTGACGATACGCAATTTCAAGTTTTCTTCTTTGAGTTGCTGGATCTGCTTCTCTAAATCTTTGCGCGATGTTTGGGATTGCTTCTTCTGACTCATGAACGGAATGCCGTCCTTTCTTCTTGATAACGACATTATACCCATTTTTCTTATATTCGCGAATCCAATTATACAAGATACCGTTGCTTCTTAGTCCCAGATCTAAAGACAACTGATTAATTGAATTATTACCAGTTAATGATCTAACAATGGCTTTTTCCTTAAATTCTTTGGTA']
288,0,0,True,['TTTTTTTACGTAGGCATTGACGATACGCAATTTCAAGTTTTCTTCTTTGAGTTGCTGGATCTGCTTCTCTAAATCTTTGCGCGATGTTTGGGATTGCTTCTTCTGACTCATGAACGGAATGCCGTCCTTTCTTCTTGATAACGACATTATACCCATTTTTCTTATATTCGCGAATCCAATTATACAAGATACCGTTGCTTCTTAGTCCCAGATCTAAAGACAACTGATTAATTGAATTATTACCAGTTAATGATCTAACAATGGCTTTTTCCTTAAATTCTTTGGTAA']
289,0,0,True,['TTTTTTTACGTAGGCATTGACGATACGCAATTTCAAGTTTTCTTCTTTGAGTTGCTGGATCTGCTTCTCTAAATCTTTGCGCGATGTTTGGGATTGCTTCTTCTGACTCATGAACGGAATGCCGTCCTTTCTTCTTGATAACGACATTATACCCATTTTTCTTATATTCGCGAATCCAATTATACAAGATACCGTTGCTTCTTAGTCCCAGATCTAAAGACAACTGATTAATTGAATTATTACCAGTTAATGATCTAACAATGGCTTTTTCCTTAAATTCTTTGGTAAA']
290,0,0,True,['TTTTTTTACGTAGGCATTGACGATACGCAATTTCAAGTTTTCTTCTTTGAGTTGCTGGATCTGCTTCTCTAAATCTTTGCGCGATGTTTGGGATTGCTTCTTCTGACTCATGAACGGAATGCCGTCCTTTCTTCTTGATAACGACATTATACCCATTTTTCTTATATTCGCGAATCCAATTATACAAGATACCGTTGCTTCTTAGTCCCAGATCTAAAGACAACTGATTAATTGAATTATTACCAGTTAATGATCTAACAATGGCTTTTTCCTTAAATTCTTTGGTAAAC']
291,0,0,True,['TTTTTTTACGTAGGCATTGACGATACGCAATTTCAAGTTTTCTTCTTTGAGTTGCTGGATCTGCTTCTCTAAATCTTTGCGCGATGTTTGGGATTGCTTCTTCTGACTCATGAACGGAATGCCGTCCTTTCTTCTTGATAACGACATTATACCCATTTTTCTTATATTCGCGAATCCAATTATACAAGATACCGTTGCTTCTTAGTCCCAGATCTAAAGACAACTGATTAATTGAATTATTACCAGTTAATGATCTAACAATGGCTTTTTCCTTAAATTCTTTGGTAAACA']
292,0,0,True,['TTTTTTTACGTAGGCATTGACGATACGCAATTTCAAGTTTTCTTCTTTGAGTTGCTGGATCTGCTTCTCTAAATCTTTGCGCGATGTTTGGGATTGCTTCTTCTGACTCATGAACGGAATGCCGTCCTTTCTTCTTGATAACGACATTATACCCATTTTTCTTATATTCGCGAATCCAATTATACAAGATACCGTTGCTTCTTAGTCCCAGATCTAAAGACAACTGATTAATTGAATTATTACCAGTTAATGATCTAACAATGGCTTTTTCCTTAAATTCTTTGGTAAACAA']
293,0,0,True,['TTTTTTTACGTAGGCATTGACGATACGCAATTTCAAGTTTTCTTCTTTGAGTTGCTGGATCTGCTTCTCTAAATCTTTGCGCGATGTTTGGGATTGCTTCTTCTGACTCATGAACGGAATGCCGTCCTTTCTTCTTGATAACGACATTATACCCATTTTTCTTATATTCGCGAATCCAATTATACAAGATACCGTTGCTTCTTAGTCCCAGATCTAAAGACAACTGATTAATTGAATTATTACCAGTTAATGATCTAACAATGGCTTTTTCCTTAAATTCTTTGGTAAACAAT']
294,0,0,True,['TTTTTTTACGTAGGCATTGACGATACGCAATTTCAAGTTTTCTTCTTTGAGTTGCTGGATCTGCTTCTCTAAATCTTTGCGCGATGTTTGGGATTGCTTCTTCTGACTCATGAACGGAATGCCGTCCTTTCTTCTTGATAACGACATTATACCCATTTTTCTTATATTCGCGAATCCAATTATACAAGATACCGTTGCTTCTTAGTCCCAGATCTAAAGACAACTGATTAATTGAATTATTACCAGTTAATGATCTAACAATGGCTTTTTCCTTAAATTCTTTGGTAAACAATT']
295,0,0,True,['TTTTTTTACGTAGGCATTGACGATACGCAATTTCAAGTTTTCTTCTTTGAGTTGCTGGATCTGCTTCTCTAAATCTTTGCGCGATGTTTGGGATTGCTTCTTCTGACTCATGAACGGAATGCCGTCCTTTCTTCTTGATAACGACATTATACCCATTTTTCTTATATTCGCGAATCCAATTATACAAGATACCGTTGCTTCTTAGTCCCAGATCTAAAGACAACTGATTAATTGAATTATTACCAGTTAATGATCTAACAATGGCTTTTTCCTTAAATTCTTTGGTAAACAATTC']
296,0,0,True,['TTTTTTTACGTAGGCATTGACGATACGCAATTTCAAGTTTTCTTCTTTGAGTTGCTGGATCTGCTTCTCTAAATCTTTGCGCGATGTTTGGGATTGCTTCTTCTGACTCATGAACGGAATGCCGTCCTTTCTTCTTGATAACGACATTATACCCATTTTTCTTATATTCGCGAATCCAATTATACAAGATACCGTTGCTTCTTAGTCCCAGATCTAAAGACAACTGATTAATTGAATTATTACCAGTTAATGATCTAACAATGGCTTTTTCCTTAAATTCTTTGGTAAACAATTCC']
297,0,0,True,['TTTTTTTACGTAGGCATTGACGATACGCAATTTCAAGTTTTCTTCTTTGAGTTGCTGGATCTGCTTCTCTAAATCTTTGCGCGATGTTTGGGATTGCTTCTTCTGACTCATGAACGGAATGCCGTCCTTTCTTCTTGATAACGACATTATACCCATTTTTCTTATATTCGCGAATCCAATTATACAAGATACCGTTGCTTCTTAGTCCCAGATCTAAAGACAACTGATTAATTGAATTATTACCAGTTAATGATCTAACAATGGCTTTTTCCTTAAATTCTTTGGTAAACAATTCCT']
298,0,0,True,['TTTTTTTACGTAGGCATTGACGATACGCAATTTCAAGTTTTCTTCTTTGAGTTGCTGGATCTGCTTCTCTAAATCTTTGCGCGATGTTTGGGATTGCTTCTTCTGACTCATGAACGGAATGCCGTCCTTTCTTCTTGATAACGACATTATACCCATTTTTCTTATATTCGCGAATCCAATTATACAAGATACCGTTGCTTCTTAGTCCCAGATCTAAAGACAACTGATTAATTGAATTATTACCAGTTAATGATCTAACAATGGCTTTTTCCTTAAATTCTTTGGTAAACAATTCCTT']
299,0,0,True,['TTTTTTTACGTAGGCATTGACGATACGCAATTTCAAGTTTTCTTCTTTGAGTTGCTGGATCTGCTTCTCTAAATCTTTGCGCGATGTTTGGGATTGCTTCTTCTGACTCATGAACGGAATGCCGTCCTTTCTTCTTGATAACGACATTATACCCATTTTTCTTATATTCGCGAATCCAATTATACAAGATACCGTTGCTTCTTAGTCCCAGATCTAAAGACAACTGATTAATTGAATTATTACCAGTTAATGATCTAACAATGGCTTTTTCCTTAAATTCTTTGGTAAACAATTCCTTA']
300,0,0,True,['TTTTTTTACGTAGGCATTGACGATACGCAATTTCAAGTTTTCTTCTTTGAGTTGCTGGATCTGCTTCTCTAAATCTTTGCGCGATGTTTGGGATTGCTTCTTCTGACTCATGAACGGAATGCCGTCCTTTCTTCTTGATAACGACATTATACCCATTTTTCTTATATTCGCGAATCCAATTATACAAGATACCGTTGCTTCTTAGTCCCAGATCTAAAGACAACTGATTAATTGAATTATTACCAGTTAATGATCTAACAATGGCTTTTTCCTTAAATTCTTTGGTAAACAATTCCTTAG']
301,0,0,True,['TTTTTTTACGTAGGCATTGACGATACGCAATTTCAAGTTTTCTTCTTTGAGTTGCTGGATCTGCTTCTCTAAATCTTTGCGCGATGTTTGGGATTGCTTCTTCTGACTCATGAACGGAATGCCGTCCTTTCTTCTTGATAACGACATTATACCCATTTTTCTTATATTCGCGAATCCAATTATACAAGATACCGTTGCTTCTTAGTCCCAGATCTAAAGACAACTGATTAATTGAATTATTACCAGTTAATGATCTAACAATGGCTTTTTCCTTAAATTCTTTGGTAAACAATTCCTTAGA']
302,0,0,True,['TTTTTTTACGTAGGCATTGACGATACGCAATTTCAAGTTTTCTTCTTTGAGTTGCTGGATCTGCTTCTCTAAATCTTTGCGCGATGTTTGGGATTGCTTCTTCTGACTCATGAACGGAATGCCGTCCTTTCTTCTTGATAACGACATTATACCCATTTTTCTTATATTCGCGAATCCAATTATACAAGATACCGTTGCTTCTTAGTCCCAGATCTAAAGACAACTGATTAATTGAATTATTACCAGTTAATGATCTAACAATGGCTTTTTCCTTAAATTCTTTGGTAAACAATTCCTTAGAT']
303,0,0,True,['TTTTTTTACGTAGGCATTGACGATACGCAATTTCAAGTTTTCTTCTTTGAGTTGCTGGATCTGCTTCTCTAAATCTTTGCGCGATGTTTGGGATTGCTTCTTCTGACTCATGAACGGAATGCCGTCCTTTCTTCTTGATAACGACATTATACCCATTTTTCTTATATTCGCGAATCCAATTATACAAGATACCGTTGCTTCTTAGTCCCAGATCTAAAGACAACTGATTAATTGAATTATTACCAGTTAATGATCTAACAATGGCTTTTTCCTTAAATTCTTTGGTAAACAATTCCTTAGATT']
304,0,0,True,['TTTTTTTACGTAGGCATTGACGATACGCAATTTCAAGTTTTCTTCTTTGAGTTGCTGGATCTGCTTCTCTAAATCTTTGCGCGATGTTTGGGATTGCTTCTTCTGACTCATGAACGGAATGCCGTCCTTTCTTCTTGATAACGACATTATACCCATTTTTCTTATATTCGCGAATCCAATTATACAAGATACCGTTGCTTCTTAGTCCCAGATCTAAAGACAACTGATTAATTGAATTATTACCAGTTAATGATCTAACAATGGCTTTTTCCTTAAATTCTTTGGTAAACAATTCCTTAGATTT']
305,0,0,True,['TTTTTTTACGTAGGCATTGACGATACGCAATTTCAAGTTTTCTTCTTTGAGTTGCTGGATCTGCTTCTCTAAATCTTTGCGCGATGTTTGGGATTGCTTCTTCTGACTCATGAACGGAATGCCGTCCTTTCTTCTTGATAACGACATTATACCCATTTTTCTTATATTCGCGAATCCAATTATACAAGATACCGTTGCTTCTTAGTCCCAGATCTAAAGACAACTGATTAATTGAATTATTACCAGTTAATGATCTAACAATGGCTTTTTCCTTAAATTCTTTGGTAAACAATTCCTTAGATTTA']
306,0,0,True,['TTTTTTTACGTAGGCATTGACGATACGCAATTTCAAGTTTTCTTCTTTGAGTTGCTGGATCTGCTTCTCTAAATCTTTGCGCGATGTTTGGGATTGCTTCTTCTGACTCATGAACGGAATGCCGTCCTTTCTTCTTGATAACGACATTATACCCATTTTTCTTATATTCGCGAATCCAATTATACAAGATACCGTTGCTTCTTAGTCCCAGATCTAAAGACAACTGATTAATTGAATTATTACCAGTTAATGATCTAACAATGGCTTTTTCCTTAAATTCTTTGGTAAACAATTCCTTAGATTTAT']
307,0,0,True,['TTTTTTTACGTAGGCATTGACGATACGCAATTTCAAGTTTTCTTCTTTGAGTTGCTGGATCTGCTTCTCTAAATCTTTGCGCGATGTTTGGGATTGCTTCTTCTGACTCATGAACGGAATGCCGTCCTTTCTTCTTGATAACGACATTATACCCATTTTTCTTATATTCGCGAATCCAATTATACAAGATACCGTTGCTTCTTAGTCCCAGATCTAAAGACAACTGATTAATTGAATTATTACCAGTTAATGATCTAACAATGGCTTTTTCCTTAAATTCTTTGGTAAACAATTCCTTAGATTTATC']
308,0,0,True,['TTTTTTTACGTAGGCATTGACGATACGCAATTTCAAGTTTTCTTCTTTGAGTTGCTGGATCTGCTTCTCTAAATCTTTGCGCGATGTTTGGGATTGCTTCTTCTGACTCATGAACGGAATGCCGTCCTTTCTTCTTGATAACGACATTATACCCATTTTTCTTATATTCGCGAATCCAATTATACAAGATACCGTTGCTTCTTAGTCCCAGATCTAAAGACAACTGATTAATTGAATTATTACCAGTTAATGATCTAACAATGGCTTTTTCCTTAAATTCTTTGGTAAACAATTCCTTAGATTTATCA']
309,0,0,True,['TTTTTTTACGTAGGCATTGACGATACGCAATTTCAAGTTTTCTTCTTTGAGTTGCTGGATCTGCTTCTCTAAATCTTTGCGCGATGTTTGGGATTGCTTCTTCTGACTCATGAACGGAATGCCGTCCTTTCTTCTTGATAACGACATTATACCCATTTTTCTTATATTCGCGAATCCAATTATACAAGATACCGTTGCTTCTTAGTCCCAGATCTAAAGACAACTGATTAATTGAATTATTACCAGTTAATGATCTAACAATGGCTTTTTCCTTAAATTCTTTGGTAAACAATTCCTTAGATTTATCAT']
310,0,0,True,['TTTTTTTACGTAGGCATTGACGATACGCAATTTCAAGTTTTCTTCTTTGAGTTGCTGGATCTGCTTCTCTAAATCTTTGCGCGATGTTTGGGATTGCTTCTTCTGACTCATGAACGGAATGCCGTCCTTTCTTCTTGATAACGACATTATACCCATTTTTCTTATATTCGCGAATCCAATTATACAAGATACCGTTGCTTCTTAGTCCCAGATCTAAAGACAACTGATTAATTGAATTATTACCAGTTAATGATCTAACAATGGCTTTTTCCTTAAATTCTTTGGTAAACAATTCCTTAGATTTATCATA']
311,0,0,True,['TTTTTTTACGTAGGCATTGACGATACGCAATTTCAAGTTTTCTTCTTTGAGTTGCTGGATCTGCTTCTCTAAATCTTTGCGCGATGTTTGGGATTGCTTCTTCTGACTCATGAACGGAATGCCGTCCTTTCTTCTTGATAACGACATTATACCCATTTTTCTTATATTCGCGAATCCAATTATACAAGATACCGTTGCTTCTTAGTCCCAGATCTAAAGACAACTGATTAATTGAATTATTACCAGTTAATGATCTAACAATGGCTTTTTCCTTAAATTCTTTGGTAAACAATTCCTTAGATTTATCATAG']
312,0,0,True,['TTTTTTTACGTAGGCATTGACGATACGCAATTTCAAGTTTTCTTCTTTGAGTTGCTGGATCTGCTTCTCTAAATCTTTGCGCGATGTTTGGGATTGCTTCTTCTGACTCATGAACGGAATGCCGTCCTTTCTTCTTGATAACGACATTATACCCATTTTTCTTATATTCGCGAATCCAATTATACAAGATACCGTTGCTTCTTAGTCCCAGATCTAAAGACAACTGATTAATTGAATTATTACCAGTTAATGATCTAACAATGGCTTTTTCCTTAAATTCTTTGGTAAACAATTCCTTAGATTTATCATAGA']
313,0,0,True,['TTTTTTTACGTAGGCATTGACGATACGCAATTTCAAGTTTTCTTCTTTGAGTTGCTGGATCTGCTTCTCTAAATCTTTGCGCGATGTTTGGGATTGCTTCTTCTGACTCATGAACGGAATGCCGTCCTTTCTTCTTGATAACGACATTATACCCATTTTTCTTATATTCGCGAATCCAATTATACAAGATACCGTTGCTTCTTAGTCCCAGATCTAAAGACAACTGATTAATTGAATTATTACCAGTTAATGATCTAACAATGGCTTTTTCCTTAAATTCTTTGGTAAACAATTCCTTAGATTTATCATAGAT']
314,0,0,True,['TTTTTTTACGTAGGCATTGACGATACGCAATTTCAAGTTTTCTTCTTTGAGTTGCTGGATCTGCTTCTCTAAATCTTTGCGCGATGTTTGGGATTGCTTCTTCTGACTCATGAACGGAATGCCGTCCTTTCTTCTTGATAACGACATTATACCCATTTTTCTTATATTCGCGAATCCAATTATACAAGATACCGTTGCTTCTTAGTCCCAGATCTAAAGACAACTGATTAATTGAATTATTACCAGTTAATGATCTAACAATGGCTTTTTCCTTAAATTCTTTGGTAAACAATTCCTTAGATTTATCATAGATT']
315,0,0,True,['TTTTTTTACGTAGGCATTGACGATACGCAATTTCAAGTTTTCTTCTTTGAGTTGCTGGATCTGCTTCTCTAAATCTTTGCGCGATGTTTGGGATTGCTTCTTCTGACTCATGAACGGAATGCCGTCCTTTCTTCTTGATAACGACATTATACCCATTTTTCTTATATTCGCGAATCCAATTATACAAGATACCGTTGCTTCTTAGTCCCAGATCTAAAGACAACTGATTAATTGAATTATTACCAGTTAATGATCTAACAATGGCTTTTTCCTTAAATTCTTTGGTAAACAATTCCTTAGATTTATCATAGATTT']
316,0,0,True,['TTTTTTTACGTAGGCATTGACGATACGCAATTTCAAGTTTTCTTCTTTGAGTTGCTGGATCTGCTTCTCTAAATCTTTGCGCGATGTTTGGGATTGCTTCTTCTGACTCATGAACGGAATGCCGTCCTTTCTTCTTGATAACGACATTATACCCATTTTTCTTATATTCGCGAATCCAATTATACAAGATACCGTTGCTTCTTAGTCCCAGATCTAAAGACAACTGATTAATTGAATTATTACCAGTTAATGATCTAACAATGGCTTTTTCCTTAAATTCTTTGGTAAACAATTCCTTAGATTTATCATAGATTTC']
317,0,0,True,['TTTTTTTACGTAGGCATTGACGATACGCAATTTCAAGTTTTCTTCTTTGAGTTGCTGGATCTGCTTCTCTAAATCTTTGCGCGATGTTTGGGATTGCTTCTTCTGACTCATGAACGGAATGCCGTCCTTTCTTCTTGATAACGACATTATACCCATTTTTCTTATATTCGCGAATCCAATTATACAAGATACCGTTGCTTCTTAGTCCCAGATCTAAAGACAACTGATTAATTGAATTATTACCAGTTAATGATCTAACAATGGCTTTTTCCTTAAATTCTTTGGTAAACAATTCCTTAGATTTATCATAGATTTCG']
318,0,0,True,['TTTTTTTACGTAGGCATTGACGATACGCAATTTCAAGTTTTCTTCTTTGAGTTGCTGGATCTGCTTCTCTAAATCTTTGCGCGATGTTTGGGATTGCTTCTTCTGACTCATGAACGGAATGCCGTCCTTTCTTCTTGATAACGACATTATACCCATTTTTCTTATATTCGCGAATCCAATTATACAAGATACCGTTGCTTCTTAGTCCCAGATCTAAAGACAACTGATTAATTGAATTATTACCAGTTAATGATCTAACAATGGCTTTTTCCTTAAATTCTTTGGTAAACAATTCCTTAGATTTATCATAGATTTCGA']
319,0,0,True,['TTTTTTTACGTAGGCATTGACGATACGCAATTTCAAGTTTTCTTCTTTGAGTTGCTGGATCTGCTTCTCTAAATCTTTGCGCGATGTTTGGGATTGCTTCTTCTGACTCATGAACGGAATGCCGTCCTTTCTTCTTGATAACGACATTATACCCATTTTTCTTATATTCGCGAATCCAATTATACAAGATACCGTTGCTTCTTAGTCCCAGATCTAAAGACAACTGATTAATTGAATTATTACCAGTTAATGATCTAACAATGGCTTTTTCCTTAAATTCTTTGGTAAACAATTCCTTAGATTTATCATAGATTTCGAT']
320,0,0,True,['TTTTTTTACGTAGGCATTGACGATACGCAATTTCAAGTTTTCTTCTTTGAGTTGCTGGATCTGCTTCTCTAAATCTTTGCGCGATGTTTGGGATTGCTTCTTCTGACTCATGAACGGAATGCCGTCCTTTCTTCTTGATAACGACATTATACCCATTTTTCTTATATTCGCGAATCCAATTATACAAGATACCGTTGCTTCTTAGTCCCAGATCTAAAGACAACTGATTAATTGAATTATTACCAGTTAATGATCTAACAATGGCTTTTTCCTTAAATTCTTTGGTAAACAATTCCTTAGATTTATCATAGATTTCGATC']
321,0,0,True,['TTTTTTTACGTAGGCATTGACGATACGCAATTTCAAGTTTTCTTCTTTGAGTTGCTGGATCTGCTTCTCTAAATCTTTGCGCGATGTTTGGGATTGCTTCTTCTGACTCATGAACGGAATGCCGTCCTTTCTTCTTGATAACGACATTATACCCATTTTTCTTATATTCGCGAATCCAATTATACAAGATACCGTTGCTTCTTAGTCCCAGATCTAAAGACAACTGATTAATTGAATTATTACCAGTTAATGATCTAACAATGGCTTTTTCCTTAAATTCTTTGGTAAACAATTCCTTAGATTTATCATAGATTTCGATCC']
322,0,0,True,['TTTTTTTACGTAGGCATTGACGATACGCAATTTCAAGTTTTCTTCTTTGAGTTGCTGGATCTGCTTCTCTAAATCTTTGCGCGATGTTTGGGATTGCTTCTTCTGACTCATGAACGGAATGCCGTCCTTTCTTCTTGATAACGACATTATACCCATTTTTCTTATATTCGCGAATCCAATTATACAAGATACCGTTGCTTCTTAGTCCCAGATCTAAAGACAACTGATTAATTGAATTATTACCAGTTAATGATCTAACAATGGCTTTTTCCTTAAATTCTTTGGTAAACAATTCCTTAGATTTATCATAGATTTCGATCCC']
323,0,0,True,['TTTTTTTACGTAGGCATTGACGATACGCAATTTCAAGTTTTCTTCTTTGAGTTGCTGGATCTGCTTCTCTAAATCTTTGCGCGATGTTTGGGATTGCTTCTTCTGACTCATGAACGGAATGCCGTCCTTTCTTCTTGATAACGACATTATACCCATTTTTCTTATATTCGCGAATCCAATTATACAAGATACCGTTGCTTCTTAGTCCCAGATCTAAAGACAACTGATTAATTGAATTATTACCAGTTAATGATCTAACAATGGCTTTTTCCTTAAATTCTTTGGTAAACAATTCCTTAGATTTATCATAGATTTCGATCCCA']
324,0,0,True,['TTTTTTTACGTAGGCATTGACGATACGCAATTTCAAGTTTTCTTCTTTGAGTTGCTGGATCTGCTTCTCTAAATCTTTGCGCGATGTTTGGGATTGCTTCTTCTGACTCATGAACGGAATGCCGTCCTTTCTTCTTGATAACGACATTATACCCATTTTTCTTATATTCGCGAATCCAATTATACAAGATACCGTTGCTTCTTAGTCCCAGATCTAAAGACAACTGATTAATTGAATTATTACCAGTTAATGATCTAACAATGGCTTTTTCCTTAAATTCTTTGGTAAACAATTCCTTAGATTTATCATAGATTTCGATCCCAT']
325,0,0,True,['TTTTTTTACGTAGGCATTGACGATACGCAATTTCAAGTTTTCTTCTTTGAGTTGCTGGATCTGCTTCTCTAAATCTTTGCGCGATGTTTGGGATTGCTTCTTCTGACTCATGAACGGAATGCCGTCCTTTCTTCTTGATAACGACATTATACCCATTTTTCTTATATTCGCGAATCCAATTATACAAGATACCGTTGCTTCTTAGTCCCAGATCTAAAGACAACTGATTAATTGAATTATTACCAGTTAATGATCTAACAATGGCTTTTTCCTTAAATTCTTTGGTAAACAATTCCTTAGATTTATCATAGATTTCGATCCCATG']
326,0,0,True,['TTTTTTTACGTAGGCATTGACGATACGCAATTTCAAGTTTTCTTCTTTGAGTTGCTGGATCTGCTTCTCTAAATCTTTGCGCGATGTTTGGGATTGCTTCTTCTGACTCATGAACGGAATGCCGTCCTTTCTTCTTGATAACGACATTATACCCATTTTTCTTATATTCGCGAATCCAATTATACAAGATACCGTTGCTTCTTAGTCCCAGATCTAAAGACAACTGATTAATTGAATTATTACCAGTTAATGATCTAACAATGGCTTTTTCCTTAAATTCTTTGGTAAACAATTCCTTAGATTTATCATAGATTTCGATCCCATGA']
327,0,0,True,['TTTTTTTACGTAGGCATTGACGATACGCAATTTCAAGTTTTCTTCTTTGAGTTGCTGGATCTGCTTCTCTAAATCTTTGCGCGATGTTTGGGATTGCTTCTTCTGACTCATGAACGGAATGCCGTCCTTTCTTCTTGATAACGACATTATACCCATTTTTCTTATATTCGCGAATCCAATTATACAAGATACCGTTGCTTCTTAGTCCCAGATCTAAAGACAACTGATTAATTGAATTATTACCAGTTAATGATCTAACAATGGCTTTTTCCTTAAATTCTTTGGTAAACAATTCCTTAGATTTATCATAGATTTCGATCCCATGAC']
328,0,0,True,['TTTTTTTACGTAGGCATTGACGATACGCAATTTCAAGTTTTCTTCTTTGAGTTGCTGGATCTGCTTCTCTAAATCTTTGCGCGATGTTTGGGATTGCTTCTTCTGACTCATGAACGGAATGCCGTCCTTTCTTCTTGATAACGACATTATACCCATTTTTCTTATATTCGCGAATCCAATTATACAAGATACCGTTGCTTCTTAGTCCCAGATCTAAAGACAACTGATTAATTGAATTATTACCAGTTAATGATCTAACAATGGCTTTTTCCTTAAATTCTTTGGTAAACAATTCCTTAGATTTATCATAGATTTCGATCCCATGACG']
329,0,0,True,['TTTTTTTACGTAGGCATTGACGATACGCAATTTCAAGTTTTCTTCTTTGAGTTGCTGGATCTGCTTCTCTAAATCTTTGCGCGATGTTTGGGATTGCTTCTTCTGACTCATGAACGGAATGCCGTCCTTTCTTCTTGATAACGACATTATACCCATTTTTCTTATATTCGCGAATCCAATTATACAAGATACCGTTGCTTCTTAGTCCCAGATCTAAAGACAACTGATTAATTGAATTATTACCAGTTAATGATCTAACAATGGCTTTTTCCTTAAATTCTTTGGTAAACAATTCCTTAGATTTATCATAGATTTCGATCCCATGACGA']
330,0,0,True,['TTTTTTTACGTAGGCATTGACGATACGCAATTTCAAGTTTTCTTCTTTGAGTTGCTGGATCTGCTTCTCTAAATCTTTGCGCGATGTTTGGGATTGCTTCTTCTGACTCATGAACGGAATGCCGTCCTTTCTTCTTGATAACGACATTATACCCATTTTTCTTATATTCGCGAATCCAATTATACAAGATACCGTTGCTTCTTAGTCCCAGATCTAAAGACAACTGATTAATTGAATTATTACCAGTTAATGATCTAACAATGGCTTTTTCCTTAAATTCTTTGGTAAACAATTCCTTAGATTTATCATAGATTTCGATCCCATGACGAT']
331,0,0,True,['TTTTTTTACGTAGGCATTGACGATACGCAATTTCAAGTTTTCTTCTTTGAGTTGCTGGATCTGCTTCTCTAAATCTTTGCGCGATGTTTGGGATTGCTTCTTCTGACTCATGAACGGAATGCCGTCCTTTCTTCTTGATAACGACATTATACCCATTTTTCTTATATTCGCGAATCCAATTATACAAGATACCGTTGCTTCTTAGTCCCAGATCTAAAGACAACTGATTAATTGAATTATTACCAGTTAATGATCTAACAATGGCTTTTTCCTTAAATTCTTTGGTAAACAATTCCTTAGATTTATCATAGATTTCGATCCCATGACGATC']
332,0,0,True,['TTTTTTTACGTAGGCATTGACGATACGCAATTTCAAGTTTTCTTCTTTGAGTTGCTGGATCTGCTTCTCTAAATCTTTGCGCGATGTTTGGGATTGCTTCTTCTGACTCATGAACGGAATGCCGTCCTTTCTTCTTGATAACGACATTATACCCATTTTTCTTATATTCGCGAATCCAATTATACAAGATACCGTTGCTTCTTAGTCCCAGATCTAAAGACAACTGATTAATTGAATTATTACCAGTTAATGATCTAACAATGGCTTTTTCCTTAAATTCTTTGGTAAACAATTCCTTAGATTTATCATAGATTTCGATCCCATGACGATCT']
333,0,0,True,['TTTTTTTACGTAGGCATTGACGATACGCAATTTCAAGTTTTCTTCTTTGAGTTGCTGGATCTGCTTCTCTAAATCTTTGCGCGATGTTTGGGATTGCTTCTTCTGACTCATGAACGGAATGCCGTCCTTTCTTCTTGATAACGACATTATACCCATTTTTCTTATATTCGCGAATCCAATTATACAAGATACCGTTGCTTCTTAGTCCCAGATCTAAAGACAACTGATTAATTGAATTATTACCAGTTAATGATCTAACAATGGCTTTTTCCTTAAATTCTTTGGTAAACAATTCCTTAGATTTATCATAGATTTCGATCCCATGACGATCTA']
334,0,0,True,['TTTTTTTACGTAGGCATTGACGATACGCAATTTCAAGTTTTCTTCTTTGAGTTGCTGGATCTGCTTCTCTAAATCTTTGCGCGATGTTTGGGATTGCTTCTTCTGACTCATGAACGGAATGCCGTCCTTTCTTCTTGATAACGACATTATACCCATTTTTCTTATATTCGCGAATCCAATTATACAAGATACCGTTGCTTCTTAGTCCCAGATCTAAAGACAACTGATTAATTGAATTATTACCAGTTAATGATCTAACAATGGCTTTTTCCTTAAATTCTTTGGTAAACAATTCCTTAGATTTATCATAGATTTCGATCCCATGACGATCTAT']
335,0,0,True,['TTTTTTTACGTAGGCATTGACGATACGCAATTTCAAGTTTTCTTCTTTGAGTTGCTGGATCTGCTTCTCTAAATCTTTGCGCGATGTTTGGGATTGCTTCTTCTGACTCATGAACGGAATGCCGTCCTTTCTTCTTGATAACGACATTATACCCATTTTTCTTATATTCGCGAATCCAATTATACAAGATACCGTTGCTTCTTAGTCCCAGATCTAAAGACAACTGATTAATTGAATTATTACCAGTTAATGATCTAACAATGGCTTTTTCCTTAAATTCTTTGGTAAACAATTCCTTAGATTTATCATAGATTTCGATCCCATGACGATCTATT']
336,0,0,True,['TTTTTTTACGTAGGCATTGACGATACGCAATTTCAAGTTTTCTTCTTTGAGTTGCTGGATCTGCTTCTCTAAATCTTTGCGCGATGTTTGGGATTGCTTCTTCTGACTCATGAACGGAATGCCGTCCTTTCTTCTTGATAACGACATTATACCCATTTTTCTTATATTCGCGAATCCAATTATACAAGATACCGTTGCTTCTTAGTCCCAGATCTAAAGACAACTGATTAATTGAATTATTACCAGTTAATGATCTAACAATGGCTTTTTCCTTAAATTCTTTGGTAAACAATTCCTTAGATTTATCATAGATTTCGATCCCATGACGATCTATTA']
337,0,0,True,['TTTTTTTACGTAGGCATTGACGATACGCAATTTCAAGTTTTCTTCTTTGAGTTGCTGGATCTGCTTCTCTAAATCTTTGCGCGATGTTTGGGATTGCTTCTTCTGACTCATGAACGGAATGCCGTCCTTTCTTCTTGATAACGACATTATACCCATTTTTCTTATATTCGCGAATCCAATTATACAAGATACCGTTGCTTCTTAGTCCCAGATCTAAAGACAACTGATTAATTGAATTATTACCAGTTAATGATCTAACAATGGCTTTTTCCTTAAATTCTTTGGTAAACAATTCCTTAGATTTATCATAGATTTCGATCCCATGACGATCTATTAA']
338,0,0,True,['TTTTTTTACGTAGGCATTGACGATACGCAATTTCAAGTTTTCTTCTTTGAGTTGCTGGATCTGCTTCTCTAAATCTTTGCGCGATGTTTGGGATTGCTTCTTCTGACTCATGAACGGAATGCCGTCCTTTCTTCTTGATAACGACATTATACCCATTTTTCTTATATTCGCGAATCCAATTATACAAGATACCGTTGCTTCTTAGTCCCAGATCTAAAGACAACTGATTAATTGAATTATTACCAGTTAATGATCTAACAATGGCTTTTTCCTTAAATTCTTTGGTAAACAATTCCTTAGATTTATCATAGATTTCGATCCCATGACGATCTATTAAA']
339,0,0,True,['TTTTTTTACGTAGGCATTGACGATACGCAATTTCAAGTTTTCTTCTTTGAGTTGCTGGATCTGCTTCTCTAAATCTTTGCGCGATGTTTGGGATTGCTTCTTCTGACTCATGAACGGAATGCCGTCCTTTCTTCTTGATAACGACATTATACCCATTTTTCTTATATTCGCGAATCCAATTATACAAGATACCGTTGCTTCTTAGTCCCAGATCTAAAGACAACTGATTAATTGAATTATTACCAGTTAATGATCTAACAATGGCTTTTTCCTTAAATTCTTTGGTAAACAATTCCTTAGATTTATCATAGATTTCGATCCCATGACGATCTATTAAAT']
340,1,4,True,['TTTTTTTACGTAGGCATTGACGATACGCAATTTCAAGTTTTCTTCTTTGAGTTGCTGGATCTGCTTCTCTAAATCTTTGCGCGATGTTTGGGATTGCTTCTTCTGACTCATGAACGGAATGCCGTCCTTTCTTCTTGATAACGACATTATACCCATTTTTCTTATATTCGCGAATCCAATTATACAAGATACCGTTGCTTCTTAGTCCCAGATCTAAAGACAACTGATTAATTGAATTATTACCAGTTAATGATCTAACAATGGCTTTTTCCTTAAATTCTTTGGTAAACAATTCCTTAGATTTATCATAGATTTCGATCCCATGACGATCTATTAAATT']
341,0,0,True,['TTTTTTTACGTAGGCATTGACGATACGCAATTTCAAGTTTTCTTCTTTGAGTTGCTGGATCTGCTTCTCTAAATCTTTGCGCGATGTTTGGGATTGCTTCTTCTGACTCATGAACGGAATGCCGTCCTTTCTTCTTGATAACGACATTATACCCATTTTTCTTATATTCGCGAATCCAATTATACAAGATACCGTTGCTTCTTAGTCCCAGATCTAAAGACAACTGATTAATTGAATTATTACCAGTTAATGATCTAACAATGGCTTTTTCCTTAAATTCTTTGGTAAACAATTCCTTAGATTTATCATAGATTTCGATCCCATGACGATCTATTAAATTA']
342,0,0,True,['TTTTTTTACGTAGGCATTGACGATACGCAATTTCAAGTTTTCTTCTTTGAGTTGCTGGATCTGCTTCTCTAAATCTTTGCGCGATGTTTGGGATTGCTTCTTCTGACTCATGAACGGAATGCCGTCCTTTCTTCTTGATAACGACATTATACCCATTTTTCTTATATTCGCGAATCCAATTATACAAGATACCGTTGCTTCTTAGTCCCAGATCTAAAGACAACTGATTAATTGAATTATTACCAGTTAATGATCTAACAATGGCTTTTTCCTTAAATTCTTTGGTAAACAATTCCTTAGATTTATCATAGATTTCGATCCCATGACGATCTATTAAATTAA']
343,0,0,True,['TTTTTTTACGTAGGCATTGACGATACGCAATTTCAAGTTTTCTTCTTTGAGTTGCTGGATCTGCTTCTCTAAATCTTTGCGCGATGTTTGGGATTGCTTCTTCTGACTCATGAACGGAATGCCGTCCTTTCTTCTTGATAACGACATTATACCCATTTTTCTTATATTCGCGAATCCAATTATACAAGATACCGTTGCTTCTTAGTCCCAGATCTAAAGACAACTGATTAATTGAATTATTACCAGTTAATGATCTAACAATGGCTTTTTCCTTAAATTCTTTGGTAAACAATTCCTTAGATTTATCATAGATTTCGATCCCATGACGATCTATTAAATTAAC']
344,0,0,True,['TTTTTTTACGTAGGCATTGACGATACGCAATTTCAAGTTTTCTTCTTTGAGTTGCTGGATCTGCTTCTCTAAATCTTTGCGCGATGTTTGGGATTGCTTCTTCTGACTCATGAACGGAATGCCGTCCTTTCTTCTTGATAACGACATTATACCCATTTTTCTTATATTCGCGAATCCAATTATACAAGATACCGTTGCTTCTTAGTCCCAGATCTAAAGACAACTGATTAATTGAATTATTACCAGTTAATGATCTAACAATGGCTTTTTCCTTAAATTCTTTGGTAAACAATTCCTTAGATTTATCATAGATTTCGATCCCATGACGATCTATTAAATTAACC']
345,0,0,True,['TTTTTTTACGTAGGCATTGACGATACGCAATTTCAAGTTTTCTTCTTTGAGTTGCTGGATCTGCTTCTCTAAATCTTTGCGCGATGTTTGGGATTGCTTCTTCTGACTCATGAACGGAATGCCGTCCTTTCTTCTTGATAACGACATTATACCCATTTTTCTTATATTCGCGAATCCAATTATACAAGATACCGTTGCTTCTTAGTCCCAGATCTAAAGACAACTGATTAATTGAATTATTACCAGTTAATGATCTAACAATGGCTTTTTCCTTAAATTCTTTGGTAAACAATTCCTTAGATTTATCATAGATTTCGATCCCATGACGATCTATTAAATTAACCA']
346,0,0,True,['TTTTTTTACGTAGGCATTGACGATACGCAATTTCAAGTTTTCTTCTTTGAGTTGCTGGATCTGCTTCTCTAAATCTTTGCGCGATGTTTGGGATTGCTTCTTCTGACTCATGAACGGAATGCCGTCCTTTCTTCTTGATAACGACATTATACCCATTTTTCTTATATTCGCGAATCCAATTATACAAGATACCGTTGCTTCTTAGTCCCAGATCTAAAGACAACTGATTAATTGAATTATTACCAGTTAATGATCTAACAATGGCTTTTTCCTTAAATTCTTTGGTAAACAATTCCTTAGATTTATCATAGATTTCGATCCCATGACGATCTATTAAATTAACCAT']
347,0,0,True,['TTTTTTTACGTAGGCATTGACGATACGCAATTTCAAGTTTTCTTCTTTGAGTTGCTGGATCTGCTTCTCTAAATCTTTGCGCGATGTTTGGGATTGCTTCTTCTGACTCATGAACGGAATGCCGTCCTTTCTTCTTGATAACGACATTATACCCATTTTTCTTATATTCGCGAATCCAATTATACAAGATACCGTTGCTTCTTAGTCCCAGATCTAAAGACAACTGATTAATTGAATTATTACCAGTTAATGATCTAACAATGGCTTTTTCCTTAAATTCTTTGGTAAACAATTCCTTAGATTTATCATAGATTTCGATCCCATGACGATCTATTAAATTAACCATA']
348,0,0,True,['TTTTTTTACGTAGGCATTGACGATACGCAATTTCAAGTTTTCTTCTTTGAGTTGCTGGATCTGCTTCTCTAAATCTTTGCGCGATGTTTGGGATTGCTTCTTCTGACTCATGAACGGAATGCCGTCCTTTCTTCTTGATAACGACATTATACCCATTTTTCTTATATTCGCGAATCCAATTATACAAGATACCGTTGCTTCTTAGTCCCAGATCTAAAGACAACTGATTAATTGAATTATTACCAGTTAATGATCTAACAATGGCTTTTTCCTTAAATTCTTTGGTAAACAATTCCTTAGATTTATCATAGATTTCGATCCCATGACGATCTATTAAATTAACCATAT']
349,0,0,True,['TTTTTTTACGTAGGCATTGACGATACGCAATTTCAAGTTTTCTTCTTTGAGTTGCTGGATCTGCTTCTCTAAATCTTTGCGCGATGTTTGGGATTGCTTCTTCTGACTCATGAACGGAATGCCGTCCTTTCTTCTTGATAACGACATTATACCCATTTTTCTTATATTCGCGAATCCAATTATACAAGATACCGTTGCTTCTTAGTCCCAGATCTAAAGACAACTGATTAATTGAATTATTACCAGTTAATGATCTAACAATGGCTTTTTCCTTAAATTCTTTGGTAAACAATTCCTTAGATTTATCATAGATTTCGATCCCATGACGATCTATTAAATTAACCATATA']
350,0,0,True,['TTTTTTTACGTAGGCATTGACGATACGCAATTTCAAGTTTTCTTCTTTGAGTTGCTGGATCTGCTTCTCTAAATCTTTGCGCGATGTTTGGGATTGCTTCTTCTGACTCATGAACGGAATGCCGTCCTTTCTTCTTGATAACGACATTATACCCATTTTTCTTATATTCGCGAATCCAATTATACAAGATACCGTTGCTTCTTAGTCCCAGATCTAAAGACAACTGATTAATTGAATTATTACCAGTTAATGATCTAACAATGGCTTTTTCCTTAAATTCTTTGGTAAACAATTCCTTAGATTTATCATAGATTTCGATCCCATGACGATCTATTAAATTAACCATATAT']
351,0,0,True,['TTTTTTTACGTAGGCATTGACGATACGCAATTTCAAGTTTTCTTCTTTGAGTTGCTGGATCTGCTTCTCTAAATCTTTGCGCGATGTTTGGGATTGCTTCTTCTGACTCATGAACGGAATGCCGTCCTTTCTTCTTGATAACGACATTATACCCATTTTTCTTATATTCGCGAATCCAATTATACAAGATACCGTTGCTTCTTAGTCCCAGATCTAAAGACAACTGATTAATTGAATTATTACCAGTTAATGATCTAACAATGGCTTTTTCCTTAAATTCTTTGGTAAACAATTCCTTAGATTTATCATAGATTTCGATCCCATGACGATCTATTAAATTAACCATATATT']
352,0,0,True,['TTTTTTTACGTAGGCATTGACGATACGCAATTTCAAGTTTTCTTCTTTGAGTTGCTGGATCTGCTTCTCTAAATCTTTGCGCGATGTTTGGGATTGCTTCTTCTGACTCATGAACGGAATGCCGTCCTTTCTTCTTGATAACGACATTATACCCATTTTTCTTATATTCGCGAATCCAATTATACAAGATACCGTTGCTTCTTAGTCCCAGATCTAAAGACAACTGATTAATTGAATTATTACCAGTTAATGATCTAACAATGGCTTTTTCCTTAAATTCTTTGGTAAACAATTCCTTAGATTTATCATAGATTTCGATCCCATGACGATCTATTAAATTAACCATATATTG']
353,0,0,True,['TTTTTTTACGTAGGCATTGACGATACGCAATTTCAAGTTTTCTTCTTTGAGTTGCTGGATCTGCTTCTCTAAATCTTTGCGCGATGTTTGGGATTGCTTCTTCTGACTCATGAACGGAATGCCGTCCTTTCTTCTTGATAACGACATTATACCCATTTTTCTTATATTCGCGAATCCAATTATACAAGATACCGTTGCTTCTTAGTCCCAGATCTAAAGACAACTGATTAATTGAATTATTACCAGTTAATGATCTAACAATGGCTTTTTCCTTAAATTCTTTGGTAAACAATTCCTTAGATTTATCATAGATTTCGATCCCATGACGATCTATTAAATTAACCATATATTGT']
354,0,0,True,['TTTTTTTACGTAGGCATTGACGATACGCAATTTCAAGTTTTCTTCTTTGAGTTGCTGGATCTGCTTCTCTAAATCTTTGCGCGATGTTTGGGATTGCTTCTTCTGACTCATGAACGGAATGCCGTCCTTTCTTCTTGATAACGACATTATACCCATTTTTCTTATATTCGCGAATCCAATTATACAAGATACCGTTGCTTCTTAGTCCCAGATCTAAAGACAACTGATTAATTGAATTATTACCAGTTAATGATCTAACAATGGCTTTTTCCTTAAATTCTTTGGTAAACAATTCCTTAGATTTATCATAGATTTCGATCCCATGACGATCTATTAAATTAACCATATATTGTA']
355,0,0,True,['TTTTTTTACGTAGGCATTGACGATACGCAATTTCAAGTTTTCTTCTTTGAGTTGCTGGATCTGCTTCTCTAAATCTTTGCGCGATGTTTGGGATTGCTTCTTCTGACTCATGAACGGAATGCCGTCCTTTCTTCTTGATAACGACATTATACCCATTTTTCTTATATTCGCGAATCCAATTATACAAGATACCGTTGCTTCTTAGTCCCAGATCTAAAGACAACTGATTAATTGAATTATTACCAGTTAATGATCTAACAATGGCTTTTTCCTTAAATTCTTTGGTAAACAATTCCTTAGATTTATCATAGATTTCGATCCCATGACGATCTATTAAATTAACCATATATTGTAG']
356,0,0,True,['TTTTTTTACGTAGGCATTGACGATACGCAATTTCAAGTTTTCTTCTTTGAGTTGCTGGATCTGCTTCTCTAAATCTTTGCGCGATGTTTGGGATTGCTTCTTCTGACTCATGAACGGAATGCCGTCCTTTCTTCTTGATAACGACATTATACCCATTTTTCTTATATTCGCGAATCCAATTATACAAGATACCGTTGCTTCTTAGTCCCAGATCTAAAGACAACTGATTAATTGAATTATTACCAGTTAATGATCTAACAATGGCTTTTTCCTTAAATTCTTTGGTAAACAATTCCTTAGATTTATCATAGATTTCGATCCCATGACGATCTATTAAATTAACCATATATTGTAGG']
357,0,0,True,['TTTTTTTACGTAGGCATTGACGATACGCAATTTCAAGTTTTCTTCTTTGAGTTGCTGGATCTGCTTCTCTAAATCTTTGCGCGATGTTTGGGATTGCTTCTTCTGACTCATGAACGGAATGCCGTCCTTTCTTCTTGATAACGACATTATACCCATTTTTCTTATATTCGCGAATCCAATTATACAAGATACCGTTGCTTCTTAGTCCCAGATCTAAAGACAACTGATTAATTGAATTATTACCAGTTAATGATCTAACAATGGCTTTTTCCTTAAATTCTTTGGTAAACAATTCCTTAGATTTATCATAGATTTCGATCCCATGACGATCTATTAAATTAACCATATATTGTAGGG']
358,0,0,True,['TTTTTTTACGTAGGCATTGACGATACGCAATTTCAAGTTTTCTTCTTTGAGTTGCTGGATCTGCTTCTCTAAATCTTTGCGCGATGTTTGGGATTGCTTCTTCTGACTCATGAACGGAATGCCGTCCTTTCTTCTTGATAACGACATTATACCCATTTTTCTTATATTCGCGAATCCAATTATACAAGATACCGTTGCTTCTTAGTCCCAGATCTAAAGACAACTGATTAATTGAATTATTACCAGTTAATGATCTAACAATGGCTTTTTCCTTAAATTCTTTGGTAAACAATTCCTTAGATTTATCATAGATTTCGATCCCATGACGATCTATTAAATTAACCATATATTGTAGGGT']
359,0,0,True,['TTTTTTTACGTAGGCATTGACGATACGCAATTTCAAGTTTTCTTCTTTGAGTTGCTGGATCTGCTTCTCTAAATCTTTGCGCGATGTTTGGGATTGCTTCTTCTGACTCATGAACGGAATGCCGTCCTTTCTTCTTGATAACGACATTATACCCATTTTTCTTATATTCGCGAATCCAATTATACAAGATACCGTTGCTTCTTAGTCCCAGATCTAAAGACAACTGATTAATTGAATTATTACCAGTTAATGATCTAACAATGGCTTTTTCCTTAAATTCTTTGGTAAACAATTCCTTAGATTTATCATAGATTTCGATCCCATGACGATCTATTAAATTAACCATATATTGTAGGGTA']
360,0,0,True,['TTTTTTTACGTAGGCATTGACGATACGCAATTTCAAGTTTTCTTCTTTGAGTTGCTGGATCTGCTTCTCTAAATCTTTGCGCGATGTTTGGGATTGCTTCTTCTGACTCATGAACGGAATGCCGTCCTTTCTTCTTGATAACGACATTATACCCATTTTTCTTATATTCGCGAATCCAATTATACAAGATACCGTTGCTTCTTAGTCCCAGATCTAAAGACAACTGATTAATTGAATTATTACCAGTTAATGATCTAACAATGGCTTTTTCCTTAAATTCTTTGGTAAACAATTCCTTAGATTTATCATAGATTTCGATCCCATGACGATCTATTAAATTAACCATATATTGTAGGGTAG']
361,0,0,True,['TTTTTTTACGTAGGCATTGACGATACGCAATTTCAAGTTTTCTTCTTTGAGTTGCTGGATCTGCTTCTCTAAATCTTTGCGCGATGTTTGGGATTGCTTCTTCTGACTCATGAACGGAATGCCGTCCTTTCTTCTTGATAACGACATTATACCCATTTTTCTTATATTCGCGAATCCAATTATACAAGATACCGTTGCTTCTTAGTCCCAGATCTAAAGACAACTGATTAATTGAATTATTACCAGTTAATGATCTAACAATGGCTTTTTCCTTAAATTCTTTGGTAAACAATTCCTTAGATTTATCATAGATTTCGATCCCATGACGATCTATTAAATTAACCATATATTGTAGGGTAGA']
362,0,0,True,['TTTTTTTACGTAGGCATTGACGATACGCAATTTCAAGTTTTCTTCTTTGAGTTGCTGGATCTGCTTCTCTAAATCTTTGCGCGATGTTTGGGATTGCTTCTTCTGACTCATGAACGGAATGCCGTCCTTTCTTCTTGATAACGACATTATACCCATTTTTCTTATATTCGCGAATCCAATTATACAAGATACCGTTGCTTCTTAGTCCCAGATCTAAAGACAACTGATTAATTGAATTATTACCAGTTAATGATCTAACAATGGCTTTTTCCTTAAATTCTTTGGTAAACAATTCCTTAGATTTATCATAGATTTCGATCCCATGACGATCTATTAAATTAACCATATATTGTAGGGTAGAA']
363,0,0,True,['TTTTTTTACGTAGGCATTGACGATACGCAATTTCAAGTTTTCTTCTTTGAGTTGCTGGATCTGCTTCTCTAAATCTTTGCGCGATGTTTGGGATTGCTTCTTCTGACTCATGAACGGAATGCCGTCCTTTCTTCTTGATAACGACATTATACCCATTTTTCTTATATTCGCGAATCCAATTATACAAGATACCGTTGCTTCTTAGTCCCAGATCTAAAGACAACTGATTAATTGAATTATTACCAGTTAATGATCTAACAATGGCTTTTTCCTTAAATTCTTTGGTAAACAATTCCTTAGATTTATCATAGATTTCGATCCCATGACGATCTATTAAATTAACCATATATTGTAGGGTAGAAC']
364,0,0,True,['TTTTTTTACGTAGGCATTGACGATACGCAATTTCAAGTTTTCTTCTTTGAGTTGCTGGATCTGCTTCTCTAAATCTTTGCGCGATGTTTGGGATTGCTTCTTCTGACTCATGAACGGAATGCCGTCCTTTCTTCTTGATAACGACATTATACCCATTTTTCTTATATTCGCGAATCCAATTATACAAGATACCGTTGCTTCTTAGTCCCAGATCTAAAGACAACTGATTAATTGAATTATTACCAGTTAATGATCTAACAATGGCTTTTTCCTTAAATTCTTTGGTAAACAATTCCTTAGATTTATCATAGATTTCGATCCCATGACGATCTATTAAATTAACCATATATTGTAGGGTAGAACG']
365,0,0,True,['TTTTTTTACGTAGGCATTGACGATACGCAATTTCAAGTTTTCTTCTTTGAGTTGCTGGATCTGCTTCTCTAAATCTTTGCGCGATGTTTGGGATTGCTTCTTCTGACTCATGAACGGAATGCCGTCCTTTCTTCTTGATAACGACATTATACCCATTTTTCTTATATTCGCGAATCCAATTATACAAGATACCGTTGCTTCTTAGTCCCAGATCTAAAGACAACTGATTAATTGAATTATTACCAGTTAATGATCTAACAATGGCTTTTTCCTTAAATTCTTTGGTAAACAATTCCTTAGATTTATCATAGATTTCGATCCCATGACGATCTATTAAATTAACCATATATTGTAGGGTAGAACGA']
366,0,0,True,['TTTTTTTACGTAGGCATTGACGATACGCAATTTCAAGTTTTCTTCTTTGAGTTGCTGGATCTGCTTCTCTAAATCTTTGCGCGATGTTTGGGATTGCTTCTTCTGACTCATGAACGGAATGCCGTCCTTTCTTCTTGATAACGACATTATACCCATTTTTCTTATATTCGCGAATCCAATTATACAAGATACCGTTGCTTCTTAGTCCCAGATCTAAAGACAACTGATTAATTGAATTATTACCAGTTAATGATCTAACAATGGCTTTTTCCTTAAATTCTTTGGTAAACAATTCCTTAGATTTATCATAGATTTCGATCCCATGACGATCTATTAAATTAACCATATATTGTAGGGTAGAACGAT']
367,0,0,True,['TTTTTTTACGTAGGCATTGACGATACGCAATTTCAAGTTTTCTTCTTTGAGTTGCTGGATCTGCTTCTCTAAATCTTTGCGCGATGTTTGGGATTGCTTCTTCTGACTCATGAACGGAATGCCGTCCTTTCTTCTTGATAACGACATTATACCCATTTTTCTTATATTCGCGAATCCAATTATACAAGATACCGTTGCTTCTTAGTCCCAGATCTAAAGACAACTGATTAATTGAATTATTACCAGTTAATGATCTAACAATGGCTTTTTCCTTAAATTCTTTGGTAAACAATTCCTTAGATTTATCATAGATTTCGATCCCATGACGATCTATTAAATTAACCATATATTGTAGGGTAGAACGATT']
368,0,0,True,['TTTTTTTACGTAGGCATTGACGATACGCAATTTCAAGTTTTCTTCTTTGAGTTGCTGGATCTGCTTCTCTAAATCTTTGCGCGATGTTTGGGATTGCTTCTTCTGACTCATGAACGGAATGCCGTCCTTTCTTCTTGATAACGACATTATACCCATTTTTCTTATATTCGCGAATCCAATTATACAAGATACCGTTGCTTCTTAGTCCCAGATCTAAAGACAACTGATTAATTGAATTATTACCAGTTAATGATCTAACAATGGCTTTTTCCTTAAATTCTTTGGTAAACAATTCCTTAGATTTATCATAGATTTCGATCCCATGACGATCTATTAAATTAACCATATATTGTAGGGTAGAACGATTT']
369,0,0,True,['TTTTTTTACGTAGGCATTGACGATACGCAATTTCAAGTTTTCTTCTTTGAGTTGCTGGATCTGCTTCTCTAAATCTTTGCGCGATGTTTGGGATTGCTTCTTCTGACTCATGAACGGAATGCCGTCCTTTCTTCTTGATAACGACATTATACCCATTTTTCTTATATTCGCGAATCCAATTATACAAGATACCGTTGCTTCTTAGTCCCAGATCTAAAGACAACTGATTAATTGAATTATTACCAGTTAATGATCTAACAATGGCTTTTTCCTTAAATTCTTTGGTAAACAATTCCTTAGATTTATCATAGATTTCGATCCCATGACGATCTATTAAATTAACCATATATTGTAGGGTAGAACGATTTA']
370,0,0,True,['TTTTTTTACGTAGGCATTGACGATACGCAATTTCAAGTTTTCTTCTTTGAGTTGCTGGATCTGCTTCTCTAAATCTTTGCGCGATGTTTGGGATTGCTTCTTCTGACTCATGAACGGAATGCCGTCCTTTCTTCTTGATAACGACATTATACCCATTTTTCTTATATTCGCGAATCCAATTATACAAGATACCGTTGCTTCTTAGTCCCAGATCTAAAGACAACTGATTAATTGAATTATTACCAGTTAATGATCTAACAATGGCTTTTTCCTTAAATTCTTTGGTAAACAATTCCTTAGATTTATCATAGATTTCGATCCCATGACGATCTATTAAATTAACCATATATTGTAGGGTAGAACGATTTAA']
371,0,0,True,['TTTTTTTACGTAGGCATTGACGATACGCAATTTCAAGTTTTCTTCTTTGAGTTGCTGGATCTGCTTCTCTAAATCTTTGCGCGATGTTTGGGATTGCTTCTTCTGACTCATGAACGGAATGCCGTCCTTTCTTCTTGATAACGACATTATACCCATTTTTCTTATATTCGCGAATCCAATTATACAAGATACCGTTGCTTCTTAGTCCCAGATCTAAAGACAACTGATTAATTGAATTATTACCAGTTAATGATCTAACAATGGCTTTTTCCTTAAATTCTTTGGTAAACAATTCCTTAGATTTATCATAGATTTCGATCCCATGACGATCTATTAAATTAACCATATATTGTAGGGTAGAACGATTTAAT']
372,0,0,True,['TTTTTTTACGTAGGCATTGACGATACGCAATTTCAAGTTTTCTTCTTTGAGTTGCTGGATCTGCTTCTCTAAATCTTTGCGCGATGTTTGGGATTGCTTCTTCTGACTCATGAACGGAATGCCGTCCTTTCTTCTTGATAACGACATTATACCCATTTTTCTTATATTCGCGAATCCAATTATACAAGATACCGTTGCTTCTTAGTCCCAGATCTAAAGACAACTGATTAATTGAATTATTACCAGTTAATGATCTAACAATGGCTTTTTCCTTAAATTCTTTGGTAAACAATTCCTTAGATTTATCATAGATTTCGATCCCATGACGATCTATTAAATTAACCATATATTGTAGGGTAGAACGATTTAATT']
373,0,0,True,['TTTTTTTACGTAGGCATTGACGATACGCAATTTCAAGTTTTCTTCTTTGAGTTGCTGGATCTGCTTCTCTAAATCTTTGCGCGATGTTTGGGATTGCTTCTTCTGACTCATGAACGGAATGCCGTCCTTTCTTCTTGATAACGACATTATACCCATTTTTCTTATATTCGCGAATCCAATTATACAAGATACCGTTGCTTCTTAGTCCCAGATCTAAAGACAACTGATTAATTGAATTATTACCAGTTAATGATCTAACAATGGCTTTTTCCTTAAATTCTTTGGTAAACAATTCCTTAGATTTATCATAGATTTCGATCCCATGACGATCTATTAAATTAACCATATATTGTAGGGTAGAACGATTTAATTT']
374,0,0,True,['TTTTTTTACGTAGGCATTGACGATACGCAATTTCAAGTTTTCTTCTTTGAGTTGCTGGATCTGCTTCTCTAAATCTTTGCGCGATGTTTGGGATTGCTTCTTCTGACTCATGAACGGAATGCCGTCCTTTCTTCTTGATAACGACATTATACCCATTTTTCTTATATTCGCGAATCCAATTATACAAGATACCGTTGCTTCTTAGTCCCAGATCTAAAGACAACTGATTAATTGAATTATTACCAGTTAATGATCTAACAATGGCTTTTTCCTTAAATTCTTTGGTAAACAATTCCTTAGATTTATCATAGATTTCGATCCCATGACGATCTATTAAATTAACCATATATTGTAGGGTAGAACGATTTAATTTT']
375,0,0,True,['TTTTTTTACGTAGGCATTGACGATACGCAATTTCAAGTTTTCTTCTTTGAGTTGCTGGATCTGCTTCTCTAAATCTTTGCGCGATGTTTGGGATTGCTTCTTCTGACTCATGAACGGAATGCCGTCCTTTCTTCTTGATAACGACATTATACCCATTTTTCTTATATTCGCGAATCCAATTATACAAGATACCGTTGCTTCTTAGTCCCAGATCTAAAGACAACTGATTAATTGAATTATTACCAGTTAATGATCTAACAATGGCTTTTTCCTTAAATTCTTTGGTAAACAATTCCTTAGATTTATCATAGATTTCGATCCCATGACGATCTATTAAATTAACCATATATTGTAGGGTAGAACGATTTAATTTTA']
376,0,0,True,['TTTTTTTACGTAGGCATTGACGATACGCAATTTCAAGTTTTCTTCTTTGAGTTGCTGGATCTGCTTCTCTAAATCTTTGCGCGATGTTTGGGATTGCTTCTTCTGACTCATGAACGGAATGCCGTCCTTTCTTCTTGATAACGACATTATACCCATTTTTCTTATATTCGCGAATCCAATTATACAAGATACCGTTGCTTCTTAGTCCCAGATCTAAAGACAACTGATTAATTGAATTATTACCAGTTAATGATCTAACAATGGCTTTTTCCTTAAATTCTTTGGTAAACAATTCCTTAGATTTATCATAGATTTCGATCCCATGACGATCTATTAAATTAACCATATATTGTAGGGTAGAACGATTTAATTTTAT']
377,0,0,True,['TTTTTTTACGTAGGCATTGACGATACGCAATTTCAAGTTTTCTTCTTTGAGTTGCTGGATCTGCTTCTCTAAATCTTTGCGCGATGTTTGGGATTGCTTCTTCTGACTCATGAACGGAATGCCGTCCTTTCTTCTTGATAACGACATTATACCCATTTTTCTTATATTCGCGAATCCAATTATACAAGATACCGTTGCTTCTTAGTCCCAGATCTAAAGACAACTGATTAATTGAATTATTACCAGTTAATGATCTAACAATGGCTTTTTCCTTAAATTCTTTGGTAAACAATTCCTTAGATTTATCATAGATTTCGATCCCATGACGATCTATTAAATTAACCATATATTGTAGGGTAGAACGATTTAATTTTATT']
378,0,0,True,['TTTTTTTACGTAGGCATTGACGATACGCAATTTCAAGTTTTCTTCTTTGAGTTGCTGGATCTGCTTCTCTAAATCTTTGCGCGATGTTTGGGATTGCTTCTTCTGACTCATGAACGGAATGCCGTCCTTTCTTCTTGATAACGACATTATACCCATTTTTCTTATATTCGCGAATCCAATTATACAAGATACCGTTGCTTCTTAGTCCCAGATCTAAAGACAACTGATTAATTGAATTATTACCAGTTAATGATCTAACAATGGCTTTTTCCTTAAATTCTTTGGTAAACAATTCCTTAGATTTATCATAGATTTCGATCCCATGACGATCTATTAAATTAACCATATATTGTAGGGTAGAACGATTTAATTTTATTT']
379,1,2,True,['TTTTTTTACGTAGGCATTGACGATACGCAATTTCAAGTTTTCTTCTTTGAGTTGCTGGATCTGCTTCTCTAAATCTTTGCGCGATGTTTGGGATTGCTTCTTCTGACTCATGAACGGAATGCCGTCCTTTCTTCTTGATAACGACATTATACCCATTTTTCTTATATTCGCGAATCCAATTATACAAGATACCGTTGCTTCTTAGTCCCAGATCTAAAGACAACTGATTAATTGAATTATTACCAGTTAATGATCTAACAATGGCTTTTTCCTTAAATTCTTTGGTAAACAATTCCTTAGATTTATCATAGATTTCGATCCCATGACGATCTATTAAATTAACCATATATTGTAGGGTAGAACGATTTAATTTTATTTC']
380,0,0,True,['TTTTTTTACGTAGGCATTGACGATACGCAATTTCAAGTTTTCTTCTTTGAGTTGCTGGATCTGCTTCTCTAAATCTTTGCGCGATGTTTGGGATTGCTTCTTCTGACTCATGAACGGAATGCCGTCCTTTCTTCTTGATAACGACATTATACCCATTTTTCTTATATTCGCGAATCCAATTATACAAGATACCGTTGCTTCTTAGTCCCAGATCTAAAGACAACTGATTAATTGAATTATTACCAGTTAATGATCTAACAATGGCTTTTTCCTTAAATTCTTTGGTAAACAATTCCTTAGATTTATCATAGATTTCGATCCCATGACGATCTATTAAATTAACCATATATTGTAGGGTAGAACGATTTAATTTTATTTCA']
381,0,0,True,['TTTTTTTACGTAGGCATTGACGATACGCAATTTCAAGTTTTCTTCTTTGAGTTGCTGGATCTGCTTCTCTAAATCTTTGCGCGATGTTTGGGATTGCTTCTTCTGACTCATGAACGGAATGCCGTCCTTTCTTCTTGATAACGACATTATACCCATTTTTCTTATATTCGCGAATCCAATTATACAAGATACCGTTGCTTCTTAGTCCCAGATCTAAAGACAACTGATTAATTGAATTATTACCAGTTAATGATCTAACAATGGCTTTTTCCTTAAATTCTTTGGTAAACAATTCCTTAGATTTATCATAGATTTCGATCCCATGACGATCTATTAAATTAACCATATATTGTAGGGTAGAACGATTTAATTTTATTTCAG']
382,0,0,True,['TTTTTTTACGTAGGCATTGACGATACGCAATTTCAAGTTTTCTTCTTTGAGTTGCTGGATCTGCTTCTCTAAATCTTTGCGCGATGTTTGGGATTGCTTCTTCTGACTCATGAACGGAATGCCGTCCTTTCTTCTTGATAACGACATTATACCCATTTTTCTTATATTCGCGAATCCAATTATACAAGATACCGTTGCTTCTTAGTCCCAGATCTAAAGACAACTGATTAATTGAATTATTACCAGTTAATGATCTAACAATGGCTTTTTCCTTAAATTCTTTGGTAAACAATTCCTTAGATTTATCATAGATTTCGATCCCATGACGATCTATTAAATTAACCATATATTGTAGGGTAGAACGATTTAATTTTATTTCAGA']
383,0,0,True,['TTTTTTTACGTAGGCATTGACGATACGCAATTTCAAGTTTTCTTCTTTGAGTTGCTGGATCTGCTTCTCTAAATCTTTGCGCGATGTTTGGGATTGCTTCTTCTGACTCATGAACGGAATGCCGTCCTTTCTTCTTGATAACGACATTATACCCATTTTTCTTATATTCGCGAATCCAATTATACAAGATACCGTTGCTTCTTAGTCCCAGATCTAAAGACAACTGATTAATTGAATTATTACCAGTTAATGATCTAACAATGGCTTTTTCCTTAAATTCTTTGGTAAACAATTCCTTAGATTTATCATAGATTTCGATCCCATGACGATCTATTAAATTAACCATATATTGTAGGGTAGAACGATTTAATTTTATTTCAGAA']
384,0,0,True,['TTTTTTTACGTAGGCATTGACGATACGCAATTTCAAGTTTTCTTCTTTGAGTTGCTGGATCTGCTTCTCTAAATCTTTGCGCGATGTTTGGGATTGCTTCTTCTGACTCATGAACGGAATGCCGTCCTTTCTTCTTGATAACGACATTATACCCATTTTTCTTATATTCGCGAATCCAATTATACAAGATACCGTTGCTTCTTAGTCCCAGATCTAAAGACAACTGATTAATTGAATTATTACCAGTTAATGATCTAACAATGGCTTTTTCCTTAAATTCTTTGGTAAACAATTCCTTAGATTTATCATAGATTTCGATCCCATGACGATCTATTAAATTAACCATATATTGTAGGGTAGAACGATTTAATTTTATTTCAGAAG']
385,0,0,True,['TTTTTTTACGTAGGCATTGACGATACGCAATTTCAAGTTTTCTTCTTTGAGTTGCTGGATCTGCTTCTCTAAATCTTTGCGCGATGTTTGGGATTGCTTCTTCTGACTCATGAACGGAATGCCGTCCTTTCTTCTTGATAACGACATTATACCCATTTTTCTTATATTCGCGAATCCAATTATACAAGATACCGTTGCTTCTTAGTCCCAGATCTAAAGACAACTGATTAATTGAATTATTACCAGTTAATGATCTAACAATGGCTTTTTCCTTAAATTCTTTGGTAAACAATTCCTTAGATTTATCATAGATTTCGATCCCATGACGATCTATTAAATTAACCATATATTGTAGGGTAGAACGATTTAATTTTATTTCAGAAGC']
386,0,0,True,['TTTTTTTACGTAGGCATTGACGATACGCAATTTCAAGTTTTCTTCTTTGAGTTGCTGGATCTGCTTCTCTAAATCTTTGCGCGATGTTTGGGATTGCTTCTTCTGACTCATGAACGGAATGCCGTCCTTTCTTCTTGATAACGACATTATACCCATTTTTCTTATATTCGCGAATCCAATTATACAAGATACCGTTGCTTCTTAGTCCCAGATCTAAAGACAACTGATTAATTGAATTATTACCAGTTAATGATCTAACAATGGCTTTTTCCTTAAATTCTTTGGTAAACAATTCCTTAGATTTATCATAGATTTCGATCCCATGACGATCTATTAAATTAACCATATATTGTAGGGTAGAACGATTTAATTTTATTTCAGAAGCG']
387,0,0,True,['TTTTTTTACGTAGGCATTGACGATACGCAATTTCAAGTTTTCTTCTTTGAGTTGCTGGATCTGCTTCTCTAAATCTTTGCGCGATGTTTGGGATTGCTTCTTCTGACTCATGAACGGAATGCCGTCCTTTCTTCTTGATAACGACATTATACCCATTTTTCTTATATTCGCGAATCCAATTATACAAGATACCGTTGCTTCTTAGTCCCAGATCTAAAGACAACTGATTAATTGAATTATTACCAGTTAATGATCTAACAATGGCTTTTTCCTTAAATTCTTTGGTAAACAATTCCTTAGATTTATCATAGATTTCGATCCCATGACGATCTATTAAATTAACCATATATTGTAGGGTAGAACGATTTAATTTTATTTCAGAAGCGA']
388,0,0,True,['TTTTTTTACGTAGGCATTGACGATACGCAATTTCAAGTTTTCTTCTTTGAGTTGCTGGATCTGCTTCTCTAAATCTTTGCGCGATGTTTGGGATTGCTTCTTCTGACTCATGAACGGAATGCCGTCCTTTCTTCTTGATAACGACATTATACCCATTTTTCTTATATTCGCGAATCCAATTATACAAGATACCGTTGCTTCTTAGTCCCAGATCTAAAGACAACTGATTAATTGAATTATTACCAGTTAATGATCTAACAATGGCTTTTTCCTTAAATTCTTTGGTAAACAATTCCTTAGATTTATCATAGATTTCGATCCCATGACGATCTATTAAATTAACCATATATTGTAGGGTAGAACGATTTAATTTTATTTCAGAAGCGAT']
389,0,0,True,['TTTTTTTACGTAGGCATTGACGATACGCAATTTCAAGTTTTCTTCTTTGAGTTGCTGGATCTGCTTCTCTAAATCTTTGCGCGATGTTTGGGATTGCTTCTTCTGACTCATGAACGGAATGCCGTCCTTTCTTCTTGATAACGACATTATACCCATTTTTCTTATATTCGCGAATCCAATTATACAAGATACCGTTGCTTCTTAGTCCCAGATCTAAAGACAACTGATTAATTGAATTATTACCAGTTAATGATCTAACAATGGCTTTTTCCTTAAATTCTTTGGTAAACAATTCCTTAGATTTATCATAGATTTCGATCCCATGACGATCTATTAAATTAACCATATATTGTAGGGTAGAACGATTTAATTTTATTTCAGAAGCGATT']
390,0,0,True,['TTTTTTTACGTAGGCATTGACGATACGCAATTTCAAGTTTTCTTCTTTGAGTTGCTGGATCTGCTTCTCTAAATCTTTGCGCGATGTTTGGGATTGCTTCTTCTGACTCATGAACGGAATGCCGTCCTTTCTTCTTGATAACGACATTATACCCATTTTTCTTATATTCGCGAATCCAATTATACAAGATACCGTTGCTTCTTAGTCCCAGATCTAAAGACAACTGATTAATTGAATTATTACCAGTTAATGATCTAACAATGGCTTTTTCCTTAAATTCTTTGGTAAACAATTCCTTAGATTTATCATAGATTTCGATCCCATGACGATCTATTAAATTAACCATATATTGTAGGGTAGAACGATTTAATTTTATTTCAGAAGCGATTA']
391,0,0,True,['TTTTTTTACGTAGGCATTGACGATACGCAATTTCAAGTTTTCTTCTTTGAGTTGCTGGATCTGCTTCTCTAAATCTTTGCGCGATGTTTGGGATTGCTTCTTCTGACTCATGAACGGAATGCCGTCCTTTCTTCTTGATAACGACATTATACCCATTTTTCTTATATTCGCGAATCCAATTATACAAGATACCGTTGCTTCTTAGTCCCAGATCTAAAGACAACTGATTAATTGAATTATTACCAGTTAATGATCTAACAATGGCTTTTTCCTTAAATTCTTTGGTAAACAATTCCTTAGATTTATCATAGATTTCGATCCCATGACGATCTATTAAATTAACCATATATTGTAGGGTAGAACGATTTAATTTTATTTCAGAAGCGATTAC']
392,0,0,True,['TTTTTTTACGTAGGCATTGACGATACGCAATTTCAAGTTTTCTTCTTTGAGTTGCTGGATCTGCTTCTCTAAATCTTTGCGCGATGTTTGGGATTGCTTCTTCTGACTCATGAACGGAATGCCGTCCTTTCTTCTTGATAACGACATTATACCCATTTTTCTTATATTCGCGAATCCAATTATACAAGATACCGTTGCTTCTTAGTCCCAGATCTAAAGACAACTGATTAATTGAATTATTACCAGTTAATGATCTAACAATGGCTTTTTCCTTAAATTCTTTGGTAAACAATTCCTTAGATTTATCATAGATTTCGATCCCATGACGATCTATTAAATTAACCATATATTGTAGGGTAGAACGATTTAATTTTATTTCAGAAGCGATTACA']
393,0,0,True,['TTTTTTTACGTAGGCATTGACGATACGCAATTTCAAGTTTTCTTCTTTGAGTTGCTGGATCTGCTTCTCTAAATCTTTGCGCGATGTTTGGGATTGCTTCTTCTGACTCATGAACGGAATGCCGTCCTTTCTTCTTGATAACGACATTATACCCATTTTTCTTATATTCGCGAATCCAATTATACAAGATACCGTTGCTTCTTAGTCCCAGATCTAAAGACAACTGATTAATTGAATTATTACCAGTTAATGATCTAACAATGGCTTTTTCCTTAAATTCTTTGGTAAACAATTCCTTAGATTTATCATAGATTTCGATCCCATGACGATCTATTAAATTAACCATATATTGTAGGGTAGAACGATTTAATTTTATTTCAGAAGCGATTACAG']
394,0,0,True,['TTTTTTTACGTAGGCATTGACGATACGCAATTTCAAGTTTTCTTCTTTGAGTTGCTGGATCTGCTTCTCTAAATCTTTGCGCGATGTTTGGGATTGCTTCTTCTGACTCATGAACGGAATGCCGTCCTTTCTTCTTGATAACGACATTATACCCATTTTTCTTATATTCGCGAATCCAATTATACAAGATACCGTTGCTTCTTAGTCCCAGATCTAAAGACAACTGATTAATTGAATTATTACCAGTTAATGATCTAACAATGGCTTTTTCCTTAAATTCTTTGGTAAACAATTCCTTAGATTTATCATAGATTTCGATCCCATGACGATCTATTAAATTAACCATATATTGTAGGGTAGAACGATTTAATTTTATTTCAGAAGCGATTACAGA']
395,0,0,True,['TTTTTTTACGTAGGCATTGACGATACGCAATTTCAAGTTTTCTTCTTTGAGTTGCTGGATCTGCTTCTCTAAATCTTTGCGCGATGTTTGGGATTGCTTCTTCTGACTCATGAACGGAATGCCGTCCTTTCTTCTTGATAACGACATTATACCCATTTTTCTTATATTCGCGAATCCAATTATACAAGATACCGTTGCTTCTTAGTCCCAGATCTAAAGACAACTGATTAATTGAATTATTACCAGTTAATGATCTAACAATGGCTTTTTCCTTAAATTCTTTGGTAAACAATTCCTTAGATTTATCATAGATTTCGATCCCATGACGATCTATTAAATTAACCATATATTGTAGGGTAGAACGATTTAATTTTATTTCAGAAGCGATTACAGAT']
396,0,0,True,['TTTTTTTACGTAGGCATTGACGATACGCAATTTCAAGTTTTCTTCTTTGAGTTGCTGGATCTGCTTCTCTAAATCTTTGCGCGATGTTTGGGATTGCTTCTTCTGACTCATGAACGGAATGCCGTCCTTTCTTCTTGATAACGACATTATACCCATTTTTCTTATATTCGCGAATCCAATTATACAAGATACCGTTGCTTCTTAGTCCCAGATCTAAAGACAACTGATTAATTGAATTATTACCAGTTAATGATCTAACAATGGCTTTTTCCTTAAATTCTTTGGTAAACAATTCCTTAGATTTATCATAGATTTCGATCCCATGACGATCTATTAAATTAACCATATATTGTAGGGTAGAACGATTTAATTTTATTTCAGAAGCGATTACAGATA']
397,0,0,True,['TTTTTTTACGTAGGCATTGACGATACGCAATTTCAAGTTTTCTTCTTTGAGTTGCTGGATCTGCTTCTCTAAATCTTTGCGCGATGTTTGGGATTGCTTCTTCTGACTCATGAACGGAATGCCGTCCTTTCTTCTTGATAACGACATTATACCCATTTTTCTTATATTCGCGAATCCAATTATACAAGATACCGTTGCTTCTTAGTCCCAGATCTAAAGACAACTGATTAATTGAATTATTACCAGTTAATGATCTAACAATGGCTTTTTCCTTAAATTCTTTGGTAAACAATTCCTTAGATTTATCATAGATTTCGATCCCATGACGATCTATTAAATTAACCATATATTGTAGGGTAGAACGATTTAATTTTATTTCAGAAGCGATTACAGATAA']
398,0,0,True,['TTTTTTTACGTAGGCATTGACGATACGCAATTTCAAGTTTTCTTCTTTGAGTTGCTGGATCTGCTTCTCTAAATCTTTGCGCGATGTTTGGGATTGCTTCTTCTGACTCATGAACGGAATGCCGTCCTTTCTTCTTGATAACGACATTATACCCATTTTTCTTATATTCGCGAATCCAATTATACAAGATACCGTTGCTTCTTAGTCCCAGATCTAAAGACAACTGATTAATTGAATTATTACCAGTTAATGATCTAACAATGGCTTTTTCCTTAAATTCTTTGGTAAACAATTCCTTAGATTTATCATAGATTTCGATCCCATGACGATCTATTAAATTAACCATATATTGTAGGGTAGAACGATTTAATTTTATTTCAGAAGCGATTACAGATAAG']
399,0,0,True,['TTTTTTTACGTAGGCATTGACGATACGCAATTTCAAGTTTTCTTCTTTGAGTTGCTGGATCTGCTTCTCTAAATCTTTGCGCGATGTTTGGGATTGCTTCTTCTGACTCATGAACGGAATGCCGTCCTTTCTTCTTGATAACGACATTATACCCATTTTTCTTATATTCGCGAATCCAATTATACAAGATACCGTTGCTTCTTAGTCCCAGATCTAAAGACAACTGATTAATTGAATTATTACCAGTTAATGATCTAACAATGGCTTTTTCCTTAAATTCTTTGGTAAACAATTCCTTAGATTTATCATAGATTTCGATCCCATGACGATCTATTAAATTAACCATATATTGTAGGGTAGAACGATTTAATTTTATTTCAGAAGCGATTACAGATAAGG']
400,0,0,True,['TTTTTTTACGTAGGCATTGACGATACGCAATTTCAAGTTTTCTTCTTTGAGTTGCTGGATCTGCTTCTCTAAATCTTTGCGCGATGTTTGGGATTGCTTCTTCTGACTCATGAACGGAATGCCGTCCTTTCTTCTTGATAACGACATTATACCCATTTTTCTTATATTCGCGAATCCAATTATACAAGATACCGTTGCTTCTTAGTCCCAGATCTAAAGACAACTGATTAATTGAATTATTACCAGTTAATGATCTAACAATGGCTTTTTCCTTAAATTCTTTGGTAAACAATTCCTTAGATTTATCATAGATTTCGATCCCATGACGATCTATTAAATTAACCATATATTGTAGGGTAGAACGATTTAATTTTATTTCAGAAGCGATTACAGATAAGGA']
