2,15,2516225,True,['TG']
3,63,2745133,True,['TTG']
4,255,2828972,True,['TTTG']
5,1023,2858408,True,['TTTTG']
6,4095,2868961,True,['TTTTTG']
7,16350,2871996,True,['TTTTTTG']
8,62070,2867333,True,['TTTTTTTG']
9,185379,2792749,True,['TTTTTTTTG']
10,359325,2438468,True,['TTTTTTTTTA']
11,413380,1681239,True,['TTTTTTTTGTT']
12,290209,854863,True,['TTTTTTTTGTTT']
13,138263,336119,True,['TTTTTTTTGTTTC']
14,52312,115338,True,['TTTTTTTTACCAAT']
15,16988,35948,True,['TTTTTTTTACCAATA']
16,5444,11503,True,['TTTTTTTCTTAAACAT']
17,2019,4776,True,['TTTTTTTCTTAAACATA']
18,678,1616,True,['TTTTTTTCTTAAACATAA']
19,297,827,True,['TTTTTTTATTCTTCATAAA']
20,265,941,True,['TTTTTTTATTCTTCATAAAA']
21,110,339,True,['TTTTTTTATTCTTCATAAAAG']
22,99,319,True,['TTTTTTTATTCTTCATAAAAGT']
23,168,592,True,['TTTTTTTATTCTTCATAAAAGTA']
24,65,207,True,['TTTTTTTATTCTTCATAAAAGTAT']
25,65,233,True,['TTTTTTTATTCTTCATAAAAGTATT']
26,87,304,True,['TTTTTTTATTCTTCATAAAAGTATTC']
27,47,164,True,['TTTTTTTATTCTTCATAAAAGTATTCT']
28,38,110,True,['TTTTTTTATTCTTCATAAAAGTATTCTT']
29,93,273,True,['TTTTTTTATTCTTCATAAAAGTATTCTTT']
30,41,114,True,['TTTTTTTATTCTTCATAAAAGTATTCTTTG']
31,26,84,True,['TTTTTTTATTCTTCATAAAAGTATTCTTTGT']
32,75,201,True,['TTTTTTTATTCTTCATAAAAGTATTCTTTGTA']
33,27,71,True,['TTTTTTTATTCTTCATAAAAGTATTCTTTGTAG']
34,19,55,True,['TTTTTTTATTCTTCATAAAAGTATTCTTTGTAGT']
35,44,102,True,['TTTTTTTATTCTTCATAAAAGTATTCTTTGTAGTA']
36,26,75,True,['TTTTTTTATTCTTCATAAAAGTATTCTTTGTAGTAT']
37,15,37,True,['TTTTTTTATTCTTCATAAAAGTATTCTTTGTAGTATA']
38,35,79,True,['TTTTTTTATTCTTCATAAAAGTATTCTTTGTAGTATAT']
39,20,49,True,['TTTTTTTATTCTTCATAAAAGTATTCTTTGTAGTATATG']
40,20,52,True,['TTTTTTTATTCTTCATAAAAGTATTCTTTGTAGTATATGA']
41,21,51,True,['TTTTTTTATTCTTCATAAAAGTATTCTTTGTAGTATATGAA']
42,14,37,True,['TTTTTTTATTCTTCATAAAAGTATTCTTTGTAGTATATGAAT']
43,18,45,True,['TTTTTTTATTCTTCATAAAAGTATTCTTTGTAGTATATGAATG']
44,19,44,True,['TTTTTTTATTCTTCATAAAAGTATTCTTTGTAGTATATGAATGT']
45,10,28,True,['TTTTTTTATTCTTCATAAAAGTATTCTTTGTAGTATATGAATGTT']
46,11,37,True,['TTTTTTTATGTCTAAAACGTCAAAATAAAAAGCAAACACAAAGAAA']
47,11,25,True,['TTTTTTTATGTCTAAAACGTCAAAATAAAAAGCAAACACAAAGAAAA']
48,6,16,True,['TTTTTTTATGTCTAAAACGTCAAAATAAAAAGCAAACACAAAGAAAAA']
49,6,15,True,['TTTTTTTATGTCTAAAACGTCAAAATAAAAAGCAAACACAAAGAAAAAT']
50,12,26,True,['TTTTTTTATGTCTAAAACGTCAAAATAAAAAGCAAACACAAAGAAAAATG']
51,6,14,True,['TTTTTTTATGTCTAAAACGTCAAAATAAAAAGCAAACACAAAGAAAAATGG']
52,7,21,True,['TTTTTTTATGTCTAAAACGTCAAAATAAAAAGCAAACACAAAGAAAAATGGC']
53,15,39,True,['TTTTTTTATGTCTAAAACGTCAAAATAAAAAGCAAACACAAAGAAAAATGGCT']
54,8,29,True,['TTTTTTTATGTCTAAAACGTCAAAATAAAAAGCAAACACAAAGAAAAATGGCTT']
55,6,14,True,['TTTTTTTATGTCTAAAACGTCAAAATAAAAAGCAAACACAAAGAAAAATGGCTTG']
56,5,14,True,['TTTTTTTATGTCTAAAACGTCAAAATAAAAAGCAAACACAAAGAAAAATGGCTTGG']
57,10,22,True,['TTTTTTTATGTCTAAAACGTCAAAATAAAAAGCAAACACAAAGAAAAATGGCTTGGC']
58,4,11,True,['TTTTTTTATGTCTAAAACGTCAAAATAAAAAGCAAACACAAAGAAAAATGGCTTGGCG']
59,6,15,True,['TTTTTTTATGTCTAAAACGTCAAAATAAAAAGCAAACACAAAGAAAAATGGCTTGGCGA']
60,9,20,True,['TTTTTTTATGTCTAAAACGTCAAAATAAAAAGCAAACACAAAGAAAAATGGCTTGGCGAA']
61,6,15,True,['TTTTTTTATGTCTAAAACGTCAAAATAAAAAGCAAACACAAAGAAAAATGGCTTGGCGAAG']
62,9,21,True,['TTTTTTTATGTCTAAAACGTCAAAATAAAAAGCAAACACAAAGAAAAATGGCTTGGCGAAGT']
63,4,10,True,['TTTTTTTATGTCTAAAACGTCAAAATAAAAAGCAAACACAAAGAAAAATGGCTTGGCGAAGTG']
64,6,15,True,['TTTTTTTATGTCTAAAACGTCAAAATAAAAAGCAAACACAAAGAAAAATGGCTTGGCGAAGTGA']
65,6,19,True,['TTTTTTTATGTCTAAAACGTCAAAATAAAAAGCAAACACAAAGAAAAATGGCTTGGCGAAGTGAA']
66,4,8,True,['TTTTTTTATGTCTAAAACGTCAAAATAAAAAGCAAACACAAAGAAAAATGGCTTGGCGAAGTGAAA']
67,6,15,True,['TTTTTTTATGTCTAAAACGTCAAAATAAAAAGCAAACACAAAGAAAAATGGCTTGGCGAAGTGAAAA']
68,4,8,True,['TTTTTTTATGTCTAAAACGTCAAAATAAAAAGCAAACACAAAGAAAAATGGCTTGGCGAAGTGAAAAC']
69,4,10,True,['TTTTTTTATGTCTAAAACGTCAAAATAAAAAGCAAACACAAAGAAAAATGGCTTGGCGAAGTGAAAACG']
70,8,20,True,['TTTTTTTATGTCTAAAACGTCAAAATAAAAAGCAAACACAAAGAAAAATGGCTTGGCGAAGTGAAAACGT']
71,6,16,True,['TTTTTTTATGTCTAAAACGTCAAAATAAAAAGCAAACACAAAGAAAAATGGCTTGGCGAAGTGAAAACGTT']
72,5,11,True,['TTTTTTTATGTCTAAAACGTCAAAATAAAAAGCAAACACAAAGAAAAATGGCTTGGCGAAGTGAAAACGTTT']
73,1,2,True,['TTTTTTTATGTCTAAAACGTCAAAATAAAAAGCAAACACAAAGAAAAATGGCTTGGCGAAGTGAAAACGTTTG']
74,2,4,True,['TTTTTTTATGTCTAAAACGTCAAAATAAAAAGCAAACACAAAGAAAAATGGCTTGGCGAAGTGAAAACGTTTGA']
75,3,6,True,['TTTTTTTATGTCTAAAACGTCAAAATAAAAAGCAAACACAAAGAAAAATGGCTTGGCGAAGTGAAAACGTTTGAA']
76,3,7,True,['TTTTTTTATGTCTAAAACGTCAAAATAAAAAGCAAACACAAAGAAAAATGGCTTGGCGAAGTGAAAACGTTTGAAT']
77,12,28,True,['TTTTTTTATGTCTAAAACGTCAAAATAAAAAGCAAACACAAAGAAAAATGGCTTGGCGAAGTGAAAACGTTTGAATC']
78,4,9,True,['TTTTTTTATGTCTAAAACGTCAAAATAAAAAGCAAACACAAAGAAAAATGGCTTGGCGAAGTGAAAACGTTTGAATCT']
79,3,7,True,['TTTTTTTATGTCTAAAACGTCAAAATAAAAAGCAAACACAAAGAAAAATGGCTTGGCGAAGTGAAAACGTTTGAATCTG']
80,4,10,True,['TTTTTTTATGTCTAAAACGTCAAAATAAAAAGCAAACACAAAGAAAAATGGCTTGGCGAAGTGAAAACGTTTGAATCTGA']
81,8,21,True,['TTTTTTTATGTCTAAAACGTCAAAATAAAAAGCAAACACAAAGAAAAATGGCTTGGCGAAGTGAAAACGTTTGAATCTGAC']
82,3,6,True,['TTTTTTTATGTCTAAAACGTCAAAATAAAAAGCAAACACAAAGAAAAATGGCTTGGCGAAGTGAAAACGTTTGAATCTGACG']
83,3,9,True,['TTTTTTTATGTCTAAAACGTCAAAATAAAAAGCAAACACAAAGAAAAATGGCTTGGCGAAGTGAAAACGTTTGAATCTGACGA']
84,1,2,True,['TTTTTTTATGTCTAAAACGTCAAAATAAAAAGCAAACACAAAGAAAAATGGCTTGGCGAAGTGAAAACGTTTGAATCTGACGAA']
85,1,2,True,['TTTTTTTATGTCTAAAACGTCAAAATAAAAAGCAAACACAAAGAAAAATGGCTTGGCGAAGTGAAAACGTTTGAATCTGACGAAA']
86,2,4,True,['TTTTTTTATGTCTAAAACGTCAAAATAAAAAGCAAACACAAAGAAAAATGGCTTGGCGAAGTGAAAACGTTTGAATCTGACGAAAC']
87,2,4,True,['TTTTTTTATGTCTAAAACGTCAAAATAAAAAGCAAACACAAAGAAAAATGGCTTGGCGAAGTGAAAACGTTTGAATCTGACGAAACG']
88,4,11,True,['TTTTTTTATGTCTAAAACGTCAAAATAAAAAGCAAACACAAAGAAAAATGGCTTGGCGAAGTGAAAACGTTTGAATCTGACGAAACGA']
89,1,3,True,['TTTTTTTATGTCTAAAACGTCAAAATAAAAAGCAAACACAAAGAAAAATGGCTTGGCGAAGTGAAAACGTTTGAATCTGACGAAACGAG']
90,4,11,True,['TTTTTTTATGTCTAAAACGTCAAAATAAAAAGCAAACACAAAGAAAAATGGCTTGGCGAAGTGAAAACGTTTGAATCTGACGAAACGAGA']
91,0,0,True,['TTTTTTTATGTCTAAAACGTCAAAATAAAAAGCAAACACAAAGAAAAATGGCTTGGCGAAGTGAAAACGTTTGAATCTGACGAAACGAGAA']
92,3,7,True,['TTTTTTTATGTCTAAAACGTCAAAATAAAAAGCAAACACAAAGAAAAATGGCTTGGCGAAGTGAAAACGTTTGAATCTGACGAAACGAGAAA']
93,1,2,True,['TTTTTTTATGTCTAAAACGTCAAAATAAAAAGCAAACACAAAGAAAAATGGCTTGGCGAAGTGAAAACGTTTGAATCTGACGAAACGAGAAAA']
94,2,5,True,['TTTTTTTATGTCTAAAACGTCAAAATAAAAAGCAAACACAAAGAAAAATGGCTTGGCGAAGTGAAAACGTTTGAATCTGACGAAACGAGAAAAG']
95,3,7,True,['TTTTTTTATGTCTAAAACGTCAAAATAAAAAGCAAACACAAAGAAAAATGGCTTGGCGAAGTGAAAACGTTTGAATCTGACGAAACGAGAAAAGA']
96,1,2,True,['TTTTTTTAATACACAAAAAGCGCAATTGCCTCTATAATTTAAAGTGACCAAACCCAAACTAAAGGAGACAAGTGCGCCTATGTGTAATGATACCTT']
97,2,5,True,['TTTTTTTAATACACAAAAAGCGCAATTGCCTCTATAATTTAAAGTGACCAAACCCAAACTAAAGGAGACAAGTGCGCCTATGTGTAATGATACCTTA']
98,5,10,True,['TTTTTTTAATACACAAAAAGCGCAATTGCCTCTATAATTTAAAGTGACCAAACCCAAACTAAAGGAGACAAGTGCGCCTATGTGTAATGATACCTTAG']
99,0,0,True,['TTTTTTTAATACACAAAAAGCGCAATTGCCTCTATAATTTAAAGTGACCAAACCCAAACTAAAGGAGACAAGTGCGCCTATGTGTAATGATACCTTAGA']
100,0,0,True,['TTTTTTTAATACACAAAAAGCGCAATTGCCTCTATAATTTAAAGTGACCAAACCCAAACTAAAGGAGACAAGTGCGCCTATGTGTAATGATACCTTAGAA']
101,0,0,True,['TTTTTTTAATACACAAAAAGCGCAATTGCCTCTATAATTTAAAGTGACCAAACCCAAACTAAAGGAGACAAGTGCGCCTATGTGTAATGATACCTTAGAAT']
102,2,4,True,['TTTTTTTAATACACAAAAAGCGCAATTGCCTCTATAATTTAAAGTGACCAAACCCAAACTAAAGGAGACAAGTGCGCCTATGTGTAATGATACCTTAGAATT']
103,1,3,True,['TTTTTTTAATACACAAAAAGCGCAATTGCCTCTATAATTTAAAGTGACCAAACCCAAACTAAAGGAGACAAGTGCGCCTATGTGTAATGATACCTTAGAATTA']
104,3,6,True,['TTTTTTTAATACACAAAAAGCGCAATTGCCTCTATAATTTAAAGTGACCAAACCCAAACTAAAGGAGACAAGTGCGCCTATGTGTAATGATACCTTAGAATTAC']
105,1,2,True,['TTTTTTTAATACACAAAAAGCGCAATTGCCTCTATAATTTAAAGTGACCAAACCCAAACTAAAGGAGACAAGTGCGCCTATGTGTAATGATACCTTAGAATTACT']
106,1,2,True,['TTTTTTTAATACACAAAAAGCGCAATTGCCTCTATAATTTAAAGTGACCAAACCCAAACTAAAGGAGACAAGTGCGCCTATGTGTAATGATACCTTAGAATTACTA']
107,1,2,True,['TTTTTTTAATACACAAAAAGCGCAATTGCCTCTATAATTTAAAGTGACCAAACCCAAACTAAAGGAGACAAGTGCGCCTATGTGTAATGATACCTTAGAATTACTAA']
108,1,2,True,['TTTTTTTAATACACAAAAAGCGCAATTGCCTCTATAATTTAAAGTGACCAAACCCAAACTAAAGGAGACAAGTGCGCCTATGTGTAATGATACCTTAGAATTACTAAG']
109,5,14,True,['TTTTTTTAATACACAAAAAGCGCAATTGCCTCTATAATTTAAAGTGACCAAACCCAAACTAAAGGAGACAAGTGCGCCTATGTGTAATGATACCTTAGAATTACTAAGA']
110,1,2,True,['TTTTTTTAATACACAAAAAGCGCAATTGCCTCTATAATTTAAAGTGACCAAACCCAAACTAAAGGAGACAAGTGCGCCTATGTGTAATGATACCTTAGAATTACTAAGAA']
111,1,4,True,['TTTTTTTAATACACAAAAAGCGCAATTGCCTCTATAATTTAAAGTGACCAAACCCAAACTAAAGGAGACAAGTGCGCCTATGTGTAATGATACCTTAGAATTACTAAGAAT']
112,1,2,True,['TTTTTTTAATACACAAAAAGCGCAATTGCCTCTATAATTTAAAGTGACCAAACCCAAACTAAAGGAGACAAGTGCGCCTATGTGTAATGATACCTTAGAATTACTAAGAATA']
113,0,0,True,['TTTTTTTAATACACAAAAAGCGCAATTGCCTCTATAATTTAAAGTGACCAAACCCAAACTAAAGGAGACAAGTGCGCCTATGTGTAATGATACCTTAGAATTACTAAGAATAA']
114,0,0,True,['TTTTTTTAATACACAAAAAGCGCAATTGCCTCTATAATTTAAAGTGACCAAACCCAAACTAAAGGAGACAAGTGCGCCTATGTGTAATGATACCTTAGAATTACTAAGAATAAA']
115,1,2,True,['TTTTTTTAATACACAAAAAGCGCAATTGCCTCTATAATTTAAAGTGACCAAACCCAAACTAAAGGAGACAAGTGCGCCTATGTGTAATGATACCTTAGAATTACTAAGAATAAAA']
116,0,0,True,['TTTTTTTAATACACAAAAAGCGCAATTGCCTCTATAATTTAAAGTGACCAAACCCAAACTAAAGGAGACAAGTGCGCCTATGTGTAATGATACCTTAGAATTACTAAGAATAAAAG']
117,0,0,True,['TTTTTTTAATACACAAAAAGCGCAATTGCCTCTATAATTTAAAGTGACCAAACCCAAACTAAAGGAGACAAGTGCGCCTATGTGTAATGATACCTTAGAATTACTAAGAATAAAAGA']
118,0,0,True,['TTTTTTTAATACACAAAAAGCGCAATTGCCTCTATAATTTAAAGTGACCAAACCCAAACTAAAGGAGACAAGTGCGCCTATGTGTAATGATACCTTAGAATTACTAAGAATAAAAGAT']
119,2,4,True,['TTTTTTTAATACACAAAAAGCGCAATTGCCTCTATAATTTAAAGTGACCAAACCCAAACTAAAGGAGACAAGTGCGCCTATGTGTAATGATACCTTAGAATTACTAAGAATAAAAGATG']
120,2,4,True,['TTTTTTTAATACACAAAAAGCGCAATTGCCTCTATAATTTAAAGTGACCAAACCCAAACTAAAGGAGACAAGTGCGCCTATGTGTAATGATACCTTAGAATTACTAAGAATAAAAGATGA']
121,0,0,True,['TTTTTTTAATACACAAAAAGCGCAATTGCCTCTATAATTTAAAGTGACCAAACCCAAACTAAAGGAGACAAGTGCGCCTATGTGTAATGATACCTTAGAATTACTAAGAATAAAAGATGAA']
122,0,0,True,['TTTTTTTAATACACAAAAAGCGCAATTGCCTCTATAATTTAAAGTGACCAAACCCAAACTAAAGGAGACAAGTGCGCCTATGTGTAATGATACCTTAGAATTACTAAGAATAAAAGATGAAA']
123,1,2,True,['TTTTTTTAATACACAAAAAGCGCAATTGCCTCTATAATTTAAAGTGACCAAACCCAAACTAAAGGAGACAAGTGCGCCTATGTGTAATGATACCTTAGAATTACTAAGAATAAAAGATGAAAA']
124,1,3,True,['TTTTTTTAATACACAAAAAGCGCAATTGCCTCTATAATTTAAAGTGACCAAACCCAAACTAAAGGAGACAAGTGCGCCTATGTGTAATGATACCTTAGAATTACTAAGAATAAAAGATGAAAAT']
125,0,0,True,['TTTTTTTAATACACAAAAAGCGCAATTGCCTCTATAATTTAAAGTGACCAAACCCAAACTAAAGGAGACAAGTGCGCCTATGTGTAATGATACCTTAGAATTACTAAGAATAAAAGATGAAAATA']
126,0,0,True,['TTTTTTTAATACACAAAAAGCGCAATTGCCTCTATAATTTAAAGTGACCAAACCCAAACTAAAGGAGACAAGTGCGCCTATGTGTAATGATACCTTAGAATTACTAAGAATAAAAGATGAAAATAT']
127,2,4,True,['TTTTTTTAATACACAAAAAGCGCAATTGCCTCTATAATTTAAAGTGACCAAACCCAAACTAAAGGAGACAAGTGCGCCTATGTGTAATGATACCTTAGAATTACTAAGAATAAAAGATGAAAATATA']
128,1,2,True,['TTTTTTTAATACACAAAAAGCGCAATTGCCTCTATAATTTAAAGTGACCAAACCCAAACTAAAGGAGACAAGTGCGCCTATGTGTAATGATACCTTAGAATTACTAAGAATAAAAGATGAAAATATAA']
129,1,3,True,['TTTTTTTAATACACAAAAAGCGCAATTGCCTCTATAATTTAAAGTGACCAAACCCAAACTAAAGGAGACAAGTGCGCCTATGTGTAATGATACCTTAGAATTACTAAGAATAAAAGATGAAAATATAAA']
130,1,2,True,['TTTTTTTAATACACAAAAAGCGCAATTGCCTCTATAATTTAAAGTGACCAAACCCAAACTAAAGGAGACAAGTGCGCCTATGTGTAATGATACCTTAGAATTACTAAGAATAAAAGATGAAAATATAAAA']
131,0,0,True,['TTTTTTTAATACACAAAAAGCGCAATTGCCTCTATAATTTAAAGTGACCAAACCCAAACTAAAGGAGACAAGTGCGCCTATGTGTAATGATACCTTAGAATTACTAAGAATAAAAGATGAAAATATAAAAT']
132,1,2,True,['TTTTTTTAATACACAAAAAGCGCAATTGCCTCTATAATTTAAAGTGACCAAACCCAAACTAAAGGAGACAAGTGCGCCTATGTGTAATGATACCTTAGAATTACTAAGAATAAAAGATGAAAATATAAAATA']
133,1,3,True,['TTTTTTTAATACACAAAAAGCGCAATTGCCTCTATAATTTAAAGTGACCAAACCCAAACTAAAGGAGACAAGTGCGCCTATGTGTAATGATACCTTAGAATTACTAAGAATAAAAGATGAAAATATAAAATAT']
134,0,0,True,['TTTTTTTAATACACAAAAAGCGCAATTGCCTCTATAATTTAAAGTGACCAAACCCAAACTAAAGGAGACAAGTGCGCCTATGTGTAATGATACCTTAGAATTACTAAGAATAAAAGATGAAAATATAAAATATA']
135,1,2,True,['TTTTTTTAATACACAAAAAGCGCAATTGCCTCTATAATTTAAAGTGACCAAACCCAAACTAAAGGAGACAAGTGCGCCTATGTGTAATGATACCTTAGAATTACTAAGAATAAAAGATGAAAATATAAAATATAT']
136,0,0,True,['TTTTTTTAATACACAAAAAGCGCAATTGCCTCTATAATTTAAAGTGACCAAACCCAAACTAAAGGAGACAAGTGCGCCTATGTGTAATGATACCTTAGAATTACTAAGAATAAAAGATGAAAATATAAAATATATA']
137,0,0,True,['TTTTTTTAATACACAAAAAGCGCAATTGCCTCTATAATTTAAAGTGACCAAACCCAAACTAAAGGAGACAAGTGCGCCTATGTGTAATGATACCTTAGAATTACTAAGAATAAAAGATGAAAATATAAAATATATAA']
138,0,0,True,['TTTTTTTAATACACAAAAAGCGCAATTGCCTCTATAATTTAAAGTGACCAAACCCAAACTAAAGGAGACAAGTGCGCCTATGTGTAATGATACCTTAGAATTACTAAGAATAAAAGATGAAAATATAAAATATATAAA']
139,0,0,True,['TTTTTTTAATACACAAAAAGCGCAATTGCCTCTATAATTTAAAGTGACCAAACCCAAACTAAAGGAGACAAGTGCGCCTATGTGTAATGATACCTTAGAATTACTAAGAATAAAAGATGAAAATATAAAATATATAAAC']
140,2,5,True,['TTTTTTTAATACACAAAAAGCGCAATTGCCTCTATAATTTAAAGTGACCAAACCCAAACTAAAGGAGACAAGTGCGCCTATGTGTAATGATACCTTAGAATTACTAAGAATAAAAGATGAAAATATAAAATATATAAACC']
141,0,0,True,['TTTTTTTAATACACAAAAAGCGCAATTGCCTCTATAATTTAAAGTGACCAAACCCAAACTAAAGGAGACAAGTGCGCCTATGTGTAATGATACCTTAGAATTACTAAGAATAAAAGATGAAAATATAAAATATATAAACCA']
142,0,0,True,['TTTTTTTAATACACAAAAAGCGCAATTGCCTCTATAATTTAAAGTGACCAAACCCAAACTAAAGGAGACAAGTGCGCCTATGTGTAATGATACCTTAGAATTACTAAGAATAAAAGATGAAAATATAAAATATATAAACCAA']
143,0,0,True,['TTTTTTTAATACACAAAAAGCGCAATTGCCTCTATAATTTAAAGTGACCAAACCCAAACTAAAGGAGACAAGTGCGCCTATGTGTAATGATACCTTAGAATTACTAAGAATAAAAGATGAAAATATAAAATATATAAACCAAG']
144,2,5,True,['TTTTTTTAATACACAAAAAGCGCAATTGCCTCTATAATTTAAAGTGACCAAACCCAAACTAAAGGAGACAAGTGCGCCTATGTGTAATGATACCTTAGAATTACTAAGAATAAAAGATGAAAATATAAAATATATAAACCAAGA']
145,0,0,True,['TTTTTTTAATACACAAAAAGCGCAATTGCCTCTATAATTTAAAGTGACCAAACCCAAACTAAAGGAGACAAGTGCGCCTATGTGTAATGATACCTTAGAATTACTAAGAATAAAAGATGAAAATATAAAATATATAAACCAAGAA']
146,1,2,True,['TTTTTTTAATACACAAAAAGCGCAATTGCCTCTATAATTTAAAGTGACCAAACCCAAACTAAAGGAGACAAGTGCGCCTATGTGTAATGATACCTTAGAATTACTAAGAATAAAAGATGAAAATATAAAATATATAAACCAAGAAA']
147,0,0,True,['TTTTTTTAATACACAAAAAGCGCAATTGCCTCTATAATTTAAAGTGACCAAACCCAAACTAAAGGAGACAAGTGCGCCTATGTGTAATGATACCTTAGAATTACTAAGAATAAAAGATGAAAATATAAAATATATAAACCAAGAAAT']
148,0,0,True,['TTTTTTTAATACACAAAAAGCGCAATTGCCTCTATAATTTAAAGTGACCAAACCCAAACTAAAGGAGACAAGTGCGCCTATGTGTAATGATACCTTAGAATTACTAAGAATAAAAGATGAAAATATAAAATATATAAACCAAGAAATT']
149,1,2,True,['TTTTTTTAATACACAAAAAGCGCAATTGCCTCTATAATTTAAAGTGACCAAACCCAAACTAAAGGAGACAAGTGCGCCTATGTGTAATGATACCTTAGAATTACTAAGAATAAAAGATGAAAATATAAAATATATAAACCAAGAAATTG']
150,0,0,True,['TTTTTTTAATACACAAAAAGCGCAATTGCCTCTATAATTTAAAGTGACCAAACCCAAACTAAAGGAGACAAGTGCGCCTATGTGTAATGATACCTTAGAATTACTAAGAATAAAAGATGAAAATATAAAATATATAAACCAAGAAATTGA']
151,0,0,True,['TTTTTTTAATACACAAAAAGCGCAATTGCCTCTATAATTTAAAGTGACCAAACCCAAACTAAAGGAGACAAGTGCGCCTATGTGTAATGATACCTTAGAATTACTAAGAATAAAAGATGAAAATATAAAATATATAAACCAAGAAATTGAC']
152,0,0,True,['TTTTTTTAATACACAAAAAGCGCAATTGCCTCTATAATTTAAAGTGACCAAACCCAAACTAAAGGAGACAAGTGCGCCTATGTGTAATGATACCTTAGAATTACTAAGAATAAAAGATGAAAATATAAAATATATAAACCAAGAAATTGACG']
153,1,2,True,['TTTTTTTAATACACAAAAAGCGCAATTGCCTCTATAATTTAAAGTGACCAAACCCAAACTAAAGGAGACAAGTGCGCCTATGTGTAATGATACCTTAGAATTACTAAGAATAAAAGATGAAAATATAAAATATATAAACCAAGAAATTGACGT']
154,0,0,True,['TTTTTTTAATACACAAAAAGCGCAATTGCCTCTATAATTTAAAGTGACCAAACCCAAACTAAAGGAGACAAGTGCGCCTATGTGTAATGATACCTTAGAATTACTAAGAATAAAAGATGAAAATATAAAATATATAAACCAAGAAATTGACGTC']
155,1,2,True,['TTTTTTTAATACACAAAAAGCGCAATTGCCTCTATAATTTAAAGTGACCAAACCCAAACTAAAGGAGACAAGTGCGCCTATGTGTAATGATACCTTAGAATTACTAAGAATAAAAGATGAAAATATAAAATATATAAACCAAGAAATTGACGTCA']
156,0,0,True,['TTTTTTTAATACACAAAAAGCGCAATTGCCTCTATAATTTAAAGTGACCAAACCCAAACTAAAGGAGACAAGTGCGCCTATGTGTAATGATACCTTAGAATTACTAAGAATAAAAGATGAAAATATAAAATATATAAACCAAGAAATTGACGTCAT']
157,0,0,True,['TTTTTTTAATACACAAAAAGCGCAATTGCCTCTATAATTTAAAGTGACCAAACCCAAACTAAAGGAGACAAGTGCGCCTATGTGTAATGATACCTTAGAATTACTAAGAATAAAAGATGAAAATATAAAATATATAAACCAAGAAATTGACGTCATT']
158,0,0,True,['TTTTTTTAATACACAAAAAGCGCAATTGCCTCTATAATTTAAAGTGACCAAACCCAAACTAAAGGAGACAAGTGCGCCTATGTGTAATGATACCTTAGAATTACTAAGAATAAAAGATGAAAATATAAAATATATAAACCAAGAAATTGACGTCATTA']
159,0,0,True,['TTTTTTTAATACACAAAAAGCGCAATTGCCTCTATAATTTAAAGTGACCAAACCCAAACTAAAGGAGACAAGTGCGCCTATGTGTAATGATACCTTAGAATTACTAAGAATAAAAGATGAAAATATAAAATATATAAACCAAGAAATTGACGTCATTAT']
160,0,0,True,['TTTTTTTAATACACAAAAAGCGCAATTGCCTCTATAATTTAAAGTGACCAAACCCAAACTAAAGGAGACAAGTGCGCCTATGTGTAATGATACCTTAGAATTACTAAGAATAAAAGATGAAAATATAAAATATATAAACCAAGAAATTGACGTCATTATC']
161,0,0,True,['TTTTTTTAATACACAAAAAGCGCAATTGCCTCTATAATTTAAAGTGACCAAACCCAAACTAAAGGAGACAAGTGCGCCTATGTGTAATGATACCTTAGAATTACTAAGAATAAAAGATGAAAATATAAAATATATAAACCAAGAAATTGACGTCATTATCA']
162,0,0,True,['TTTTTTTAATACACAAAAAGCGCAATTGCCTCTATAATTTAAAGTGACCAAACCCAAACTAAAGGAGACAAGTGCGCCTATGTGTAATGATACCTTAGAATTACTAAGAATAAAAGATGAAAATATAAAATATATAAACCAAGAAATTGACGTCATTATCAA']
163,0,0,True,['TTTTTTTAATACACAAAAAGCGCAATTGCCTCTATAATTTAAAGTGACCAAACCCAAACTAAAGGAGACAAGTGCGCCTATGTGTAATGATACCTTAGAATTACTAAGAATAAAAGATGAAAATATAAAATATATAAACCAAGAAATTGACGTCATTATCAAA']
164,1,5,True,['TTTTTTTAATACACAAAAAGCGCAATTGCCTCTATAATTTAAAGTGACCAAACCCAAACTAAAGGAGACAAGTGCGCCTATGTGTAATGATACCTTAGAATTACTAAGAATAAAAGATGAAAATATAAAATATATAAACCAAGAAATTGACGTCATTATCAAAG']
165,0,0,True,['TTTTTTTAATACACAAAAAGCGCAATTGCCTCTATAATTTAAAGTGACCAAACCCAAACTAAAGGAGACAAGTGCGCCTATGTGTAATGATACCTTAGAATTACTAAGAATAAAAGATGAAAATATAAAATATATAAACCAAGAAATTGACGTCATTATCAAAGG']
166,1,2,True,['TTTTTTTAATACACAAAAAGCGCAATTGCCTCTATAATTTAAAGTGACCAAACCCAAACTAAAGGAGACAAGTGCGCCTATGTGTAATGATACCTTAGAATTACTAAGAATAAAAGATGAAAATATAAAATATATAAACCAAGAAATTGACGTCATTATCAAAGGA']
167,0,0,True,['TTTTTTTAATACACAAAAAGCGCAATTGCCTCTATAATTTAAAGTGACCAAACCCAAACTAAAGGAGACAAGTGCGCCTATGTGTAATGATACCTTAGAATTACTAAGAATAAAAGATGAAAATATAAAATATATAAACCAAGAAATTGACGTCATTATCAAAGGAA']
168,1,3,True,['TTTTTTTAATACACAAAAAGCGCAATTGCCTCTATAATTTAAAGTGACCAAACCCAAACTAAAGGAGACAAGTGCGCCTATGTGTAATGATACCTTAGAATTACTAAGAATAAAAGATGAAAATATAAAATATATAAACCAAGAAATTGACGTCATTATCAAAGGAAA']
169,1,2,True,['TTTTTTTAATACACAAAAAGCGCAATTGCCTCTATAATTTAAAGTGACCAAACCCAAACTAAAGGAGACAAGTGCGCCTATGTGTAATGATACCTTAGAATTACTAAGAATAAAAGATGAAAATATAAAATATATAAACCAAGAAATTGACGTCATTATCAAAGGAAAA']
170,0,0,True,['TTTTTTTAATACACAAAAAGCGCAATTGCCTCTATAATTTAAAGTGACCAAACCCAAACTAAAGGAGACAAGTGCGCCTATGTGTAATGATACCTTAGAATTACTAAGAATAAAAGATGAAAATATAAAATATATAAACCAAGAAATTGACGTCATTATCAAAGGAAAAA']
171,1,2,True,['TTTTTTTAATACACAAAAAGCGCAATTGCCTCTATAATTTAAAGTGACCAAACCCAAACTAAAGGAGACAAGTGCGCCTATGTGTAATGATACCTTAGAATTACTAAGAATAAAAGATGAAAATATAAAATATATAAACCAAGAAATTGACGTCATTATCAAAGGAAAAAA']
172,0,0,True,['TTTTTTTAATACACAAAAAGCGCAATTGCCTCTATAATTTAAAGTGACCAAACCCAAACTAAAGGAGACAAGTGCGCCTATGTGTAATGATACCTTAGAATTACTAAGAATAAAAGATGAAAATATAAAATATATAAACCAAGAAATTGACGTCATTATCAAAGGAAAAAAA']
173,1,2,True,['TTTTTTTAATACACAAAAAGCGCAATTGCCTCTATAATTTAAAGTGACCAAACCCAAACTAAAGGAGACAAGTGCGCCTATGTGTAATGATACCTTAGAATTACTAAGAATAAAAGATGAAAATATAAAATATATAAACCAAGAAATTGACGTCATTATCAAAGGAAAAAAAG']
174,0,0,True,['TTTTTTTAATACACAAAAAGCGCAATTGCCTCTATAATTTAAAGTGACCAAACCCAAACTAAAGGAGACAAGTGCGCCTATGTGTAATGATACCTTAGAATTACTAAGAATAAAAGATGAAAATATAAAATATATAAACCAAGAAATTGACGTCATTATCAAAGGAAAAAAAGC']
175,0,0,True,['TTTTTTTAATACACAAAAAGCGCAATTGCCTCTATAATTTAAAGTGACCAAACCCAAACTAAAGGAGACAAGTGCGCCTATGTGTAATGATACCTTAGAATTACTAAGAATAAAAGATGAAAATATAAAATATATAAACCAAGAAATTGACGTCATTATCAAAGGAAAAAAAGCA']
176,2,5,True,['TTTTTTTAATACACAAAAAGCGCAATTGCCTCTATAATTTAAAGTGACCAAACCCAAACTAAAGGAGACAAGTGCGCCTATGTGTAATGATACCTTAGAATTACTAAGAATAAAAGATGAAAATATAAAATATATAAACCAAGAAATTGACGTCATTATCAAAGGAAAAAAAGCAA']
177,0,0,True,['TTTTTTTAATACACAAAAAGCGCAATTGCCTCTATAATTTAAAGTGACCAAACCCAAACTAAAGGAGACAAGTGCGCCTATGTGTAATGATACCTTAGAATTACTAAGAATAAAAGATGAAAATATAAAATATATAAACCAAGAAATTGACGTCATTATCAAAGGAAAAAAAGCAAC']
178,0,0,True,['TTTTTTTAATACACAAAAAGCGCAATTGCCTCTATAATTTAAAGTGACCAAACCCAAACTAAAGGAGACAAGTGCGCCTATGTGTAATGATACCTTAGAATTACTAAGAATAAAAGATGAAAATATAAAATATATAAACCAAGAAATTGACGTCATTATCAAAGGAAAAAAAGCAACA']
179,0,0,True,['TTTTTTTAATACACAAAAAGCGCAATTGCCTCTATAATTTAAAGTGACCAAACCCAAACTAAAGGAGACAAGTGCGCCTATGTGTAATGATACCTTAGAATTACTAAGAATAAAAGATGAAAATATAAAATATATAAACCAAGAAATTGACGTCATTATCAAAGGAAAAAAAGCAACAG']
180,0,0,True,['TTTTTTTAATACACAAAAAGCGCAATTGCCTCTATAATTTAAAGTGACCAAACCCAAACTAAAGGAGACAAGTGCGCCTATGTGTAATGATACCTTAGAATTACTAAGAATAAAAGATGAAAATATAAAATATATAAACCAAGAAATTGACGTCATTATCAAAGGAAAAAAAGCAACAGT']
181,0,0,True,['TTTTTTTAATACACAAAAAGCGCAATTGCCTCTATAATTTAAAGTGACCAAACCCAAACTAAAGGAGACAAGTGCGCCTATGTGTAATGATACCTTAGAATTACTAAGAATAAAAGATGAAAATATAAAATATATAAACCAAGAAATTGACGTCATTATCAAAGGAAAAAAAGCAACAGTG']
182,0,0,True,['TTTTTTTAATACACAAAAAGCGCAATTGCCTCTATAATTTAAAGTGACCAAACCCAAACTAAAGGAGACAAGTGCGCCTATGTGTAATGATACCTTAGAATTACTAAGAATAAAAGATGAAAATATAAAATATATAAACCAAGAAATTGACGTCATTATCAAAGGAAAAAAAGCAACAGTGG']
183,1,2,True,['TTTTTTTAATACACAAAAAGCGCAATTGCCTCTATAATTTAAAGTGACCAAACCCAAACTAAAGGAGACAAGTGCGCCTATGTGTAATGATACCTTAGAATTACTAAGAATAAAAGATGAAAATATAAAATATATAAACCAAGAAATTGACGTCATTATCAAAGGAAAAAAAGCAACAGTGGT']
184,0,0,True,['TTTTTTTAATACACAAAAAGCGCAATTGCCTCTATAATTTAAAGTGACCAAACCCAAACTAAAGGAGACAAGTGCGCCTATGTGTAATGATACCTTAGAATTACTAAGAATAAAAGATGAAAATATAAAATATATAAACCAAGAAATTGACGTCATTATCAAAGGAAAAAAAGCAACAGTGGTT']
185,2,4,True,['TTTTTTTAATACACAAAAAGCGCAATTGCCTCTATAATTTAAAGTGACCAAACCCAAACTAAAGGAGACAAGTGCGCCTATGTGTAATGATACCTTAGAATTACTAAGAATAAAAGATGAAAATATAAAATATATAAACCAAGAAATTGACGTCATTATCAAAGGAAAAAAAGCAACAGTGGTTA']
186,1,2,True,['TTTTTTTAATACACAAAAAGCGCAATTGCCTCTATAATTTAAAGTGACCAAACCCAAACTAAAGGAGACAAGTGCGCCTATGTGTAATGATACCTTAGAATTACTAAGAATAAAAGATGAAAATATAAAATATATAAACCAAGAAATTGACGTCATTATCAAAGGAAAAAAAGCAACAGTGGTTAA']
187,0,0,True,['TTTTTTTAATACACAAAAAGCGCAATTGCCTCTATAATTTAAAGTGACCAAACCCAAACTAAAGGAGACAAGTGCGCCTATGTGTAATGATACCTTAGAATTACTAAGAATAAAAGATGAAAATATAAAATATATAAACCAAGAAATTGACGTCATTATCAAAGGAAAAAAAGCAACAGTGGTTAAT']
188,0,0,True,['TTTTTTTAATACACAAAAAGCGCAATTGCCTCTATAATTTAAAGTGACCAAACCCAAACTAAAGGAGACAAGTGCGCCTATGTGTAATGATACCTTAGAATTACTAAGAATAAAAGATGAAAATATAAAATATATAAACCAAGAAATTGACGTCATTATCAAAGGAAAAAAAGCAACAGTGGTTAATG']
189,0,0,True,['TTTTTTTAATACACAAAAAGCGCAATTGCCTCTATAATTTAAAGTGACCAAACCCAAACTAAAGGAGACAAGTGCGCCTATGTGTAATGATACCTTAGAATTACTAAGAATAAAAGATGAAAATATAAAATATATAAACCAAGAAATTGACGTCATTATCAAAGGAAAAAAAGCAACAGTGGTTAATGC']
190,0,0,True,['TTTTTTTAATACACAAAAAGCGCAATTGCCTCTATAATTTAAAGTGACCAAACCCAAACTAAAGGAGACAAGTGCGCCTATGTGTAATGATACCTTAGAATTACTAAGAATAAAAGATGAAAATATAAAATATATAAACCAAGAAATTGACGTCATTATCAAAGGAAAAAAAGCAACAGTGGTTAATGCT']
191,0,0,True,['TTTTTTTAATACACAAAAAGCGCAATTGCCTCTATAATTTAAAGTGACCAAACCCAAACTAAAGGAGACAAGTGCGCCTATGTGTAATGATACCTTAGAATTACTAAGAATAAAAGATGAAAATATAAAATATATAAACCAAGAAATTGACGTCATTATCAAAGGAAAAAAAGCAACAGTGGTTAATGCTG']
192,0,0,True,['TTTTTTTAATACACAAAAAGCGCAATTGCCTCTATAATTTAAAGTGACCAAACCCAAACTAAAGGAGACAAGTGCGCCTATGTGTAATGATACCTTAGAATTACTAAGAATAAAAGATGAAAATATAAAATATATAAACCAAGAAATTGACGTCATTATCAAAGGAAAAAAAGCAACAGTGGTTAATGCTGT']
193,0,0,True,['TTTTTTTAATACACAAAAAGCGCAATTGCCTCTATAATTTAAAGTGACCAAACCCAAACTAAAGGAGACAAGTGCGCCTATGTGTAATGATACCTTAGAATTACTAAGAATAAAAGATGAAAATATAAAATATATAAACCAAGAAATTGACGTCATTATCAAAGGAAAAAAAGCAACAGTGGTTAATGCTGTA']
194,0,0,True,['TTTTTTTAATACACAAAAAGCGCAATTGCCTCTATAATTTAAAGTGACCAAACCCAAACTAAAGGAGACAAGTGCGCCTATGTGTAATGATACCTTAGAATTACTAAGAATAAAAGATGAAAATATAAAATATATAAACCAAGAAATTGACGTCATTATCAAAGGAAAAAAAGCAACAGTGGTTAATGCTGTAC']
195,0,0,True,['TTTTTTTAATACACAAAAAGCGCAATTGCCTCTATAATTTAAAGTGACCAAACCCAAACTAAAGGAGACAAGTGCGCCTATGTGTAATGATACCTTAGAATTACTAAGAATAAAAGATGAAAATATAAAATATATAAACCAAGAAATTGACGTCATTATCAAAGGAAAAAAAGCAACAGTGGTTAATGCTGTACT']
196,0,0,True,['TTTTTTTAATACACAAAAAGCGCAATTGCCTCTATAATTTAAAGTGACCAAACCCAAACTAAAGGAGACAAGTGCGCCTATGTGTAATGATACCTTAGAATTACTAAGAATAAAAGATGAAAATATAAAATATATAAACCAAGAAATTGACGTCATTATCAAAGGAAAAAAAGCAACAGTGGTTAATGCTGTACTA']
197,0,0,True,['TTTTTTTAATACACAAAAAGCGCAATTGCCTCTATAATTTAAAGTGACCAAACCCAAACTAAAGGAGACAAGTGCGCCTATGTGTAATGATACCTTAGAATTACTAAGAATAAAAGATGAAAATATAAAATATATAAACCAAGAAATTGACGTCATTATCAAAGGAAAAAAAGCAACAGTGGTTAATGCTGTACTAA']
198,1,2,True,['TTTTTTTAATACACAAAAAGCGCAATTGCCTCTATAATTTAAAGTGACCAAACCCAAACTAAAGGAGACAAGTGCGCCTATGTGTAATGATACCTTAGAATTACTAAGAATAAAAGATGAAAATATAAAATATATAAACCAAGAAATTGACGTCATTATCAAAGGAAAAAAAGCAACAGTGGTTAATGCTGTACTAAC']
199,0,0,True,['TTTTTTTAATACACAAAAAGCGCAATTGCCTCTATAATTTAAAGTGACCAAACCCAAACTAAAGGAGACAAGTGCGCCTATGTGTAATGATACCTTAGAATTACTAAGAATAAAAGATGAAAATATAAAATATATAAACCAAGAAATTGACGTCATTATCAAAGGAAAAAAAGCAACAGTGGTTAATGCTGTACTAACG']
200,0,0,True,['TTTTTTTAATACACAAAAAGCGCAATTGCCTCTATAATTTAAAGTGACCAAACCCAAACTAAAGGAGACAAGTGCGCCTATGTGTAATGATACCTTAGAATTACTAAGAATAAAAGATGAAAATATAAAATATATAAACCAAGAAATTGACGTCATTATCAAAGGAAAAAAAGCAACAGTGGTTAATGCTGTACTAACGT']
201,0,0,True,['TTTTTTTAATACACAAAAAGCGCAATTGCCTCTATAATTTAAAGTGACCAAACCCAAACTAAAGGAGACAAGTGCGCCTATGTGTAATGATACCTTAGAATTACTAAGAATAAAAGATGAAAATATAAAATATATAAACCAAGAAATTGACGTCATTATCAAAGGAAAAAAAGCAACAGTGGTTAATGCTGTACTAACGTA']
202,0,0,True,['TTTTTTTAATACACAAAAAGCGCAATTGCCTCTATAATTTAAAGTGACCAAACCCAAACTAAAGGAGACAAGTGCGCCTATGTGTAATGATACCTTAGAATTACTAAGAATAAAAGATGAAAATATAAAATATATAAACCAAGAAATTGACGTCATTATCAAAGGAAAAAAAGCAACAGTGGTTAATGCTGTACTAACGTAT']
203,0,0,True,['TTTTTTTAATACACAAAAAGCGCAATTGCCTCTATAATTTAAAGTGACCAAACCCAAACTAAAGGAGACAAGTGCGCCTATGTGTAATGATACCTTAGAATTACTAAGAATAAAAGATGAAAATATAAAATATATAAACCAAGAAATTGACGTCATTATCAAAGGAAAAAAAGCAACAGTGGTTAATGCTGTACTAACGTATA']
204,1,3,True,['TTTTTTTAATACACAAAAAGCGCAATTGCCTCTATAATTTAAAGTGACCAAACCCAAACTAAAGGAGACAAGTGCGCCTATGTGTAATGATACCTTAGAATTACTAAGAATAAAAGATGAAAATATAAAATATATAAACCAAGAAATTGACGTCATTATCAAAGGAAAAAAAGCAACAGTGGTTAATGCTGTACTAACGTATAA']
205,0,0,True,['TTTTTTTAATACACAAAAAGCGCAATTGCCTCTATAATTTAAAGTGACCAAACCCAAACTAAAGGAGACAAGTGCGCCTATGTGTAATGATACCTTAGAATTACTAAGAATAAAAGATGAAAATATAAAATATATAAACCAAGAAATTGACGTCATTATCAAAGGAAAAAAAGCAACAGTGGTTAATGCTGTACTAACGTATAAG']
206,0,0,True,['TTTTTTTAATACACAAAAAGCGCAATTGCCTCTATAATTTAAAGTGACCAAACCCAAACTAAAGGAGACAAGTGCGCCTATGTGTAATGATACCTTAGAATTACTAAGAATAAAAGATGAAAATATAAAATATATAAACCAAGAAATTGACGTCATTATCAAAGGAAAAAAAGCAACAGTGGTTAATGCTGTACTAACGTATAAGC']
207,0,0,True,['TTTTTTTAATACACAAAAAGCGCAATTGCCTCTATAATTTAAAGTGACCAAACCCAAACTAAAGGAGACAAGTGCGCCTATGTGTAATGATACCTTAGAATTACTAAGAATAAAAGATGAAAATATAAAATATATAAACCAAGAAATTGACGTCATTATCAAAGGAAAAAAAGCAACAGTGGTTAATGCTGTACTAACGTATAAGCC']
208,0,0,True,['TTTTTTTAATACACAAAAAGCGCAATTGCCTCTATAATTTAAAGTGACCAAACCCAAACTAAAGGAGACAAGTGCGCCTATGTGTAATGATACCTTAGAATTACTAAGAATAAAAGATGAAAATATAAAATATATAAACCAAGAAATTGACGTCATTATCAAAGGAAAAAAAGCAACAGTGGTTAATGCTGTACTAACGTATAAGCCT']
209,0,0,True,['TTTTTTTAATACACAAAAAGCGCAATTGCCTCTATAATTTAAAGTGACCAAACCCAAACTAAAGGAGACAAGTGCGCCTATGTGTAATGATACCTTAGAATTACTAAGAATAAAAGATGAAAATATAAAATATATAAACCAAGAAATTGACGTCATTATCAAAGGAAAAAAAGCAACAGTGGTTAATGCTGTACTAACGTATAAGCCTT']
210,0,0,True,['TTTTTTTAATACACAAAAAGCGCAATTGCCTCTATAATTTAAAGTGACCAAACCCAAACTAAAGGAGACAAGTGCGCCTATGTGTAATGATACCTTAGAATTACTAAGAATAAAAGATGAAAATATAAAATATATAAACCAAGAAATTGACGTCATTATCAAAGGAAAAAAAGCAACAGTGGTTAATGCTGTACTAACGTATAAGCCTTC']
211,0,0,True,['TTTTTTTAATACACAAAAAGCGCAATTGCCTCTATAATTTAAAGTGACCAAACCCAAACTAAAGGAGACAAGTGCGCCTATGTGTAATGATACCTTAGAATTACTAAGAATAAAAGATGAAAATATAAAATATATAAACCAAGAAATTGACGTCATTATCAAAGGAAAAAAAGCAACAGTGGTTAATGCTGTACTAACGTATAAGCCTTCG']
212,0,0,True,['TTTTTTTAATACACAAAAAGCGCAATTGCCTCTATAATTTAAAGTGACCAAACCCAAACTAAAGGAGACAAGTGCGCCTATGTGTAATGATACCTTAGAATTACTAAGAATAAAAGATGAAAATATAAAATATATAAACCAAGAAATTGACGTCATTATCAAAGGAAAAAAAGCAACAGTGGTTAATGCTGTACTAACGTATAAGCCTTCGG']
213,0,0,True,['TTTTTTTAATACACAAAAAGCGCAATTGCCTCTATAATTTAAAGTGACCAAACCCAAACTAAAGGAGACAAGTGCGCCTATGTGTAATGATACCTTAGAATTACTAAGAATAAAAGATGAAAATATAAAATATATAAACCAAGAAATTGACGTCATTATCAAAGGAAAAAAAGCAACAGTGGTTAATGCTGTACTAACGTATAAGCCTTCGGC']
214,0,0,True,['TTTTTTTAATACACAAAAAGCGCAATTGCCTCTATAATTTAAAGTGACCAAACCCAAACTAAAGGAGACAAGTGCGCCTATGTGTAATGATACCTTAGAATTACTAAGAATAAAAGATGAAAATATAAAATATATAAACCAAGAAATTGACGTCATTATCAAAGGAAAAAAAGCAACAGTGGTTAATGCTGTACTAACGTATAAGCCTTCGGCC']
215,0,0,True,['TTTTTTTAATACACAAAAAGCGCAATTGCCTCTATAATTTAAAGTGACCAAACCCAAACTAAAGGAGACAAGTGCGCCTATGTGTAATGATACCTTAGAATTACTAAGAATAAAAGATGAAAATATAAAATATATAAACCAAGAAATTGACGTCATTATCAAAGGAAAAAAAGCAACAGTGGTTAATGCTGTACTAACGTATAAGCCTTCGGCCT']
216,0,0,True,['TTTTTTTAATACACAAAAAGCGCAATTGCCTCTATAATTTAAAGTGACCAAACCCAAACTAAAGGAGACAAGTGCGCCTATGTGTAATGATACCTTAGAATTACTAAGAATAAAAGATGAAAATATAAAATATATAAACCAAGAAATTGACGTCATTATCAAAGGAAAAAAAGCAACAGTGGTTAATGCTGTACTAACGTATAAGCCTTCGGCCTG']
217,0,0,True,['TTTTTTTAATACACAAAAAGCGCAATTGCCTCTATAATTTAAAGTGACCAAACCCAAACTAAAGGAGACAAGTGCGCCTATGTGTAATGATACCTTAGAATTACTAAGAATAAAAGATGAAAATATAAAATATATAAACCAAGAAATTGACGTCATTATCAAAGGAAAAAAAGCAACAGTGGTTAATGCTGTACTAACGTATAAGCCTTCGGCCTGT']
218,0,0,True,['TTTTTTTAATACACAAAAAGCGCAATTGCCTCTATAATTTAAAGTGACCAAACCCAAACTAAAGGAGACAAGTGCGCCTATGTGTAATGATACCTTAGAATTACTAAGAATAAAAGATGAAAATATAAAATATATAAACCAAGAAATTGACGTCATTATCAAAGGAAAAAAAGCAACAGTGGTTAATGCTGTACTAACGTATAAGCCTTCGGCCTGTT']
219,1,4,True,['TTTTTTTAATACACAAAAAGCGCAATTGCCTCTATAATTTAAAGTGACCAAACCCAAACTAAAGGAGACAAGTGCGCCTATGTGTAATGATACCTTAGAATTACTAAGAATAAAAGATGAAAATATAAAATATATAAACCAAGAAATTGACGTCATTATCAAAGGAAAAAAAGCAACAGTGGTTAATGCTGTACTAACGTATAAGCCTTCGGCCTGTTA']
220,0,0,True,['TTTTTTTAATACACAAAAAGCGCAATTGCCTCTATAATTTAAAGTGACCAAACCCAAACTAAAGGAGACAAGTGCGCCTATGTGTAATGATACCTTAGAATTACTAAGAATAAAAGATGAAAATATAAAATATATAAACCAAGAAATTGACGTCATTATCAAAGGAAAAAAAGCAACAGTGGTTAATGCTGTACTAACGTATAAGCCTTCGGCCTGTTAT']
221,0,0,True,['TTTTTTTAATACACAAAAAGCGCAATTGCCTCTATAATTTAAAGTGACCAAACCCAAACTAAAGGAGACAAGTGCGCCTATGTGTAATGATACCTTAGAATTACTAAGAATAAAAGATGAAAATATAAAATATATAAACCAAGAAATTGACGTCATTATCAAAGGAAAAAAAGCAACAGTGGTTAATGCTGTACTAACGTATAAGCCTTCGGCCTGTTATT']
222,0,0,True,['TTTTTTTAATACACAAAAAGCGCAATTGCCTCTATAATTTAAAGTGACCAAACCCAAACTAAAGGAGACAAGTGCGCCTATGTGTAATGATACCTTAGAATTACTAAGAATAAAAGATGAAAATATAAAATATATAAACCAAGAAATTGACGTCATTATCAAAGGAAAAAAAGCAACAGTGGTTAATGCTGTACTAACGTATAAGCCTTCGGCCTGTTATTG']
223,0,0,True,['TTTTTTTAATACACAAAAAGCGCAATTGCCTCTATAATTTAAAGTGACCAAACCCAAACTAAAGGAGACAAGTGCGCCTATGTGTAATGATACCTTAGAATTACTAAGAATAAAAGATGAAAATATAAAATATATAAACCAAGAAATTGACGTCATTATCAAAGGAAAAAAAGCAACAGTGGTTAATGCTGTACTAACGTATAAGCCTTCGGCCTGTTATTGT']
224,0,0,True,['TTTTTTTAATACACAAAAAGCGCAATTGCCTCTATAATTTAAAGTGACCAAACCCAAACTAAAGGAGACAAGTGCGCCTATGTGTAATGATACCTTAGAATTACTAAGAATAAAAGATGAAAATATAAAATATATAAACCAAGAAATTGACGTCATTATCAAAGGAAAAAAAGCAACAGTGGTTAATGCTGTACTAACGTATAAGCCTTCGGCCTGTTATTGTT']
225,0,0,True,['TTTTTTTAATACACAAAAAGCGCAATTGCCTCTATAATTTAAAGTGACCAAACCCAAACTAAAGGAGACAAGTGCGCCTATGTGTAATGATACCTTAGAATTACTAAGAATAAAAGATGAAAATATAAAATATATAAACCAAGAAATTGACGTCATTATCAAAGGAAAAAAAGCAACAGTGGTTAATGCTGTACTAACGTATAAGCCTTCGGCCTGTTATTGTTG']
226,0,0,True,['TTTTTTTAATACACAAAAAGCGCAATTGCCTCTATAATTTAAAGTGACCAAACCCAAACTAAAGGAGACAAGTGCGCCTATGTGTAATGATACCTTAGAATTACTAAGAATAAAAGATGAAAATATAAAATATATAAACCAAGAAATTGACGTCATTATCAAAGGAAAAAAAGCAACAGTGGTTAATGCTGTACTAACGTATAAGCCTTCGGCCTGTTATTGTTGT']
227,1,3,True,['TTTTTTTAATACACAAAAAGCGCAATTGCCTCTATAATTTAAAGTGACCAAACCCAAACTAAAGGAGACAAGTGCGCCTATGTGTAATGATACCTTAGAATTACTAAGAATAAAAGATGAAAATATAAAATATATAAACCAAGAAATTGACGTCATTATCAAAGGAAAAAAAGCAACAGTGGTTAATGCTGTACTAACGTATAAGCCTTCGGCCTGTTATTGTTGTG']
228,0,0,True,['TTTTTTTAATACACAAAAAGCGCAATTGCCTCTATAATTTAAAGTGACCAAACCCAAACTAAAGGAGACAAGTGCGCCTATGTGTAATGATACCTTAGAATTACTAAGAATAAAAGATGAAAATATAAAATATATAAACCAAGAAATTGACGTCATTATCAAAGGAAAAAAAGCAACAGTGGTTAATGCTGTACTAACGTATAAGCCTTCGGCCTGTTATTGTTGTGG']
229,0,0,True,['TTTTTTTAATACACAAAAAGCGCAATTGCCTCTATAATTTAAAGTGACCAAACCCAAACTAAAGGAGACAAGTGCGCCTATGTGTAATGATACCTTAGAATTACTAAGAATAAAAGATGAAAATATAAAATATATAAACCAAGAAATTGACGTCATTATCAAAGGAAAAAAAGCAACAGTGGTTAATGCTGTACTAACGTATAAGCCTTCGGCCTGTTATTGTTGTGGA']
230,0,0,True,['TTTTTTTAATACACAAAAAGCGCAATTGCCTCTATAATTTAAAGTGACCAAACCCAAACTAAAGGAGACAAGTGCGCCTATGTGTAATGATACCTTAGAATTACTAAGAATAAAAGATGAAAATATAAAATATATAAACCAAGAAATTGACGTCATTATCAAAGGAAAAAAAGCAACAGTGGTTAATGCTGTACTAACGTATAAGCCTTCGGCCTGTTATTGTTGTGGAG']
231,0,0,True,['TTTTTTTAATACACAAAAAGCGCAATTGCCTCTATAATTTAAAGTGACCAAACCCAAACTAAAGGAGACAAGTGCGCCTATGTGTAATGATACCTTAGAATTACTAAGAATAAAAGATGAAAATATAAAATATATAAACCAAGAAATTGACGTCATTATCAAAGGAAAAAAAGCAACAGTGGTTAATGCTGTACTAACGTATAAGCCTTCGGCCTGTTATTGTTGTGGAGT']
232,1,2,True,['TTTTTTTAATACACAAAAAGCGCAATTGCCTCTATAATTTAAAGTGACCAAACCCAAACTAAAGGAGACAAGTGCGCCTATGTGTAATGATACCTTAGAATTACTAAGAATAAAAGATGAAAATATAAAATATATAAACCAAGAAATTGACGTCATTATCAAAGGAAAAAAAGCAACAGTGGTTAATGCTGTACTAACGTATAAGCCTTCGGCCTGTTATTGTTGTGGAGTT']
233,0,0,True,['TTTTTTTAATACACAAAAAGCGCAATTGCCTCTATAATTTAAAGTGACCAAACCCAAACTAAAGGAGACAAGTGCGCCTATGTGTAATGATACCTTAGAATTACTAAGAATAAAAGATGAAAATATAAAATATATAAACCAAGAAATTGACGTCATTATCAAAGGAAAAAAAGCAACAGTGGTTAATGCTGTACTAACGTATAAGCCTTCGGCCTGTTATTGTTGTGGAGTTA']
234,0,0,True,['TTTTTTTAATACACAAAAAGCGCAATTGCCTCTATAATTTAAAGTGACCAAACCCAAACTAAAGGAGACAAGTGCGCCTATGTGTAATGATACCTTAGAATTACTAAGAATAAAAGATGAAAATATAAAATATATAAACCAAGAAATTGACGTCATTATCAAAGGAAAAAAAGCAACAGTGGTTAATGCTGTACTAACGTATAAGCCTTCGGCCTGTTATTGTTGTGGAGTTAA']
235,0,0,True,['TTTTTTTAATACACAAAAAGCGCAATTGCCTCTATAATTTAAAGTGACCAAACCCAAACTAAAGGAGACAAGTGCGCCTATGTGTAATGATACCTTAGAATTACTAAGAATAAAAGATGAAAATATAAAATATATAAACCAAGAAATTGACGTCATTATCAAAGGAAAAAAAGCAACAGTGGTTAATGCTGTACTAACGTATAAGCCTTCGGCCTGTTATTGTTGTGGAGTTAAA']
236,0,0,True,['TTTTTTTAATACACAAAAAGCGCAATTGCCTCTATAATTTAAAGTGACCAAACCCAAACTAAAGGAGACAAGTGCGCCTATGTGTAATGATACCTTAGAATTACTAAGAATAAAAGATGAAAATATAAAATATATAAACCAAGAAATTGACGTCATTATCAAAGGAAAAAAAGCAACAGTGGTTAATGCTGTACTAACGTATAAGCCTTCGGCCTGTTATTGTTGTGGAGTTAAAA']
237,0,0,True,['TTTTTTTAATACACAAAAAGCGCAATTGCCTCTATAATTTAAAGTGACCAAACCCAAACTAAAGGAGACAAGTGCGCCTATGTGTAATGATACCTTAGAATTACTAAGAATAAAAGATGAAAATATAAAATATATAAACCAAGAAATTGACGTCATTATCAAAGGAAAAAAAGCAACAGTGGTTAATGCTGTACTAACGTATAAGCCTTCGGCCTGTTATTGTTGTGGAGTTAAAAA']
238,0,0,True,['TTTTTTTAATACACAAAAAGCGCAATTGCCTCTATAATTTAAAGTGACCAAACCCAAACTAAAGGAGACAAGTGCGCCTATGTGTAATGATACCTTAGAATTACTAAGAATAAAAGATGAAAATATAAAATATATAAACCAAGAAATTGACGTCATTATCAAAGGAAAAAAAGCAACAGTGGTTAATGCTGTACTAACGTATAAGCCTTCGGCCTGTTATTGTTGTGGAGTTAAAAAT']
239,0,0,True,['TTTTTTTAATACACAAAAAGCGCAATTGCCTCTATAATTTAAAGTGACCAAACCCAAACTAAAGGAGACAAGTGCGCCTATGTGTAATGATACCTTAGAATTACTAAGAATAAAAGATGAAAATATAAAATATATAAACCAAGAAATTGACGTCATTATCAAAGGAAAAAAAGCAACAGTGGTTAATGCTGTACTAACGTATAAGCCTTCGGCCTGTTATTGTTGTGGAGTTAAAAATG']
240,0,0,True,['TTTTTTTAATACACAAAAAGCGCAATTGCCTCTATAATTTAAAGTGACCAAACCCAAACTAAAGGAGACAAGTGCGCCTATGTGTAATGATACCTTAGAATTACTAAGAATAAAAGATGAAAATATAAAATATATAAACCAAGAAATTGACGTCATTATCAAAGGAAAAAAAGCAACAGTGGTTAATGCTGTACTAACGTATAAGCCTTCGGCCTGTTATTGTTGTGGAGTTAAAAATGA']
241,0,0,True,['TTTTTTTAATACACAAAAAGCGCAATTGCCTCTATAATTTAAAGTGACCAAACCCAAACTAAAGGAGACAAGTGCGCCTATGTGTAATGATACCTTAGAATTACTAAGAATAAAAGATGAAAATATAAAATATATAAACCAAGAAATTGACGTCATTATCAAAGGAAAAAAAGCAACAGTGGTTAATGCTGTACTAACGTATAAGCCTTCGGCCTGTTATTGTTGTGGAGTTAAAAATGAA']
242,0,0,True,['TTTTTTTAATACACAAAAAGCGCAATTGCCTCTATAATTTAAAGTGACCAAACCCAAACTAAAGGAGACAAGTGCGCCTATGTGTAATGATACCTTAGAATTACTAAGAATAAAAGATGAAAATATAAAATATATAAACCAAGAAATTGACGTCATTATCAAAGGAAAAAAAGCAACAGTGGTTAATGCTGTACTAACGTATAAGCCTTCGGCCTGTTATTGTTGTGGAGTTAAAAATGAAG']
243,0,0,True,['TTTTTTTAATACACAAAAAGCGCAATTGCCTCTATAATTTAAAGTGACCAAACCCAAACTAAAGGAGACAAGTGCGCCTATGTGTAATGATACCTTAGAATTACTAAGAATAAAAGATGAAAATATAAAATATATAAACCAAGAAATTGACGTCATTATCAAAGGAAAAAAAGCAACAGTGGTTAATGCTGTACTAACGTATAAGCCTTCGGCCTGTTATTGTTGTGGAGTTAAAAATGAAGG']
244,1,3,True,['TTTTTTTAATACACAAAAAGCGCAATTGCCTCTATAATTTAAAGTGACCAAACCCAAACTAAAGGAGACAAGTGCGCCTATGTGTAATGATACCTTAGAATTACTAAGAATAAAAGATGAAAATATAAAATATATAAACCAAGAAATTGACGTCATTATCAAAGGAAAAAAAGCAACAGTGGTTAATGCTGTACTAACGTATAAGCCTTCGGCCTGTTATTGTTGTGGAGTTAAAAATGAAGGA']
245,0,0,True,['TTTTTTTAATACACAAAAAGCGCAATTGCCTCTATAATTTAAAGTGACCAAACCCAAACTAAAGGAGACAAGTGCGCCTATGTGTAATGATACCTTAGAATTACTAAGAATAAAAGATGAAAATATAAAATATATAAACCAAGAAATTGACGTCATTATCAAAGGAAAAAAAGCAACAGTGGTTAATGCTGTACTAACGTATAAGCCTTCGGCCTGTTATTGTTGTGGAGTTAAAAATGAAGGAC']
246,0,0,True,['TTTTTTTAATACACAAAAAGCGCAATTGCCTCTATAATTTAAAGTGACCAAACCCAAACTAAAGGAGACAAGTGCGCCTATGTGTAATGATACCTTAGAATTACTAAGAATAAAAGATGAAAATATAAAATATATAAACCAAGAAATTGACGTCATTATCAAAGGAAAAAAAGCAACAGTGGTTAATGCTGTACTAACGTATAAGCCTTCGGCCTGTTATTGTTGTGGAGTTAAAAATGAAGGACA']
247,0,0,True,['TTTTTTTAATACACAAAAAGCGCAATTGCCTCTATAATTTAAAGTGACCAAACCCAAACTAAAGGAGACAAGTGCGCCTATGTGTAATGATACCTTAGAATTACTAAGAATAAAAGATGAAAATATAAAATATATAAACCAAGAAATTGACGTCATTATCAAAGGAAAAAAAGCAACAGTGGTTAATGCTGTACTAACGTATAAGCCTTCGGCCTGTTATTGTTGTGGAGTTAAAAATGAAGGACAA']
248,0,0,True,['TTTTTTTAATACACAAAAAGCGCAATTGCCTCTATAATTTAAAGTGACCAAACCCAAACTAAAGGAGACAAGTGCGCCTATGTGTAATGATACCTTAGAATTACTAAGAATAAAAGATGAAAATATAAAATATATAAACCAAGAAATTGACGTCATTATCAAAGGAAAAAAAGCAACAGTGGTTAATGCTGTACTAACGTATAAGCCTTCGGCCTGTTATTGTTGTGGAGTTAAAAATGAAGGACAAA']
249,0,0,True,['TTTTTTTAATACACAAAAAGCGCAATTGCCTCTATAATTTAAAGTGACCAAACCCAAACTAAAGGAGACAAGTGCGCCTATGTGTAATGATACCTTAGAATTACTAAGAATAAAAGATGAAAATATAAAATATATAAACCAAGAAATTGACGTCATTATCAAAGGAAAAAAAGCAACAGTGGTTAATGCTGTACTAACGTATAAGCCTTCGGCCTGTTATTGTTGTGGAGTTAAAAATGAAGGACAAAT']
250,0,0,True,['TTTTTTTAATACACAAAAAGCGCAATTGCCTCTATAATTTAAAGTGACCAAACCCAAACTAAAGGAGACAAGTGCGCCTATGTGTAATGATACCTTAGAATTACTAAGAATAAAAGATGAAAATATAAAATATATAAACCAAGAAATTGACGTCATTATCAAAGGAAAAAAAGCAACAGTGGTTAATGCTGTACTAACGTATAAGCCTTCGGCCTGTTATTGTTGTGGAGTTAAAAATGAAGGACAAATT']
251,0,0,True,['TTTTTTTAATACACAAAAAGCGCAATTGCCTCTATAATTTAAAGTGACCAAACCCAAACTAAAGGAGACAAGTGCGCCTATGTGTAATGATACCTTAGAATTACTAAGAATAAAAGATGAAAATATAAAATATATAAACCAAGAAATTGACGTCATTATCAAAGGAAAAAAAGCAACAGTGGTTAATGCTGTACTAACGTATAAGCCTTCGGCCTGTTATTGTTGTGGAGTTAAAAATGAAGGACAAATTC']
252,0,0,True,['TTTTTTTAATACACAAAAAGCGCAATTGCCTCTATAATTTAAAGTGACCAAACCCAAACTAAAGGAGACAAGTGCGCCTATGTGTAATGATACCTTAGAATTACTAAGAATAAAAGATGAAAATATAAAATATATAAACCAAGAAATTGACGTCATTATCAAAGGAAAAAAAGCAACAGTGGTTAATGCTGTACTAACGTATAAGCCTTCGGCCTGTTATTGTTGTGGAGTTAAAAATGAAGGACAAATTCA']
253,0,0,True,['TTTTTTTAATACACAAAAAGCGCAATTGCCTCTATAATTTAAAGTGACCAAACCCAAACTAAAGGAGACAAGTGCGCCTATGTGTAATGATACCTTAGAATTACTAAGAATAAAAGATGAAAATATAAAATATATAAACCAAGAAATTGACGTCATTATCAAAGGAAAAAAAGCAACAGTGGTTAATGCTGTACTAACGTATAAGCCTTCGGCCTGTTATTGTTGTGGAGTTAAAAATGAAGGACAAATTCAT']
254,0,0,True,['TTTTTTTAATACACAAAAAGCGCAATTGCCTCTATAATTTAAAGTGACCAAACCCAAACTAAAGGAGACAAGTGCGCCTATGTGTAATGATACCTTAGAATTACTAAGAATAAAAGATGAAAATATAAAATATATAAACCAAGAAATTGACGTCATTATCAAAGGAAAAAAAGCAACAGTGGTTAATGCTGTACTAACGTATAAGCCTTCGGCCTGTTATTGTTGTGGAGTTAAAAATGAAGGACAAATTCATA']
255,0,0,True,['TTTTTTTAATACACAAAAAGCGCAATTGCCTCTATAATTTAAAGTGACCAAACCCAAACTAAAGGAGACAAGTGCGCCTATGTGTAATGATACCTTAGAATTACTAAGAATAAAAGATGAAAATATAAAATATATAAACCAAGAAATTGACGTCATTATCAAAGGAAAAAAAGCAACAGTGGTTAATGCTGTACTAACGTATAAGCCTTCGGCCTGTTATTGTTGTGGAGTTAAAAATGAAGGACAAATTCATAA']
256,0,0,True,['TTTTTTTAATACACAAAAAGCGCAATTGCCTCTATAATTTAAAGTGACCAAACCCAAACTAAAGGAGACAAGTGCGCCTATGTGTAATGATACCTTAGAATTACTAAGAATAAAAGATGAAAATATAAAATATATAAACCAAGAAATTGACGTCATTATCAAAGGAAAAAAAGCAACAGTGGTTAATGCTGTACTAACGTATAAGCCTTCGGCCTGTTATTGTTGTGGAGTTAAAAATGAAGGACAAATTCATAAA']
257,0,0,True,['TTTTTTTAATACACAAAAAGCGCAATTGCCTCTATAATTTAAAGTGACCAAACCCAAACTAAAGGAGACAAGTGCGCCTATGTGTAATGATACCTTAGAATTACTAAGAATAAAAGATGAAAATATAAAATATATAAACCAAGAAATTGACGTCATTATCAAAGGAAAAAAAGCAACAGTGGTTAATGCTGTACTAACGTATAAGCCTTCGGCCTGTTATTGTTGTGGAGTTAAAAATGAAGGACAAATTCATAAAC']
258,0,0,True,['TTTTTTTAATACACAAAAAGCGCAATTGCCTCTATAATTTAAAGTGACCAAACCCAAACTAAAGGAGACAAGTGCGCCTATGTGTAATGATACCTTAGAATTACTAAGAATAAAAGATGAAAATATAAAATATATAAACCAAGAAATTGACGTCATTATCAAAGGAAAAAAAGCAACAGTGGTTAATGCTGTACTAACGTATAAGCCTTCGGCCTGTTATTGTTGTGGAGTTAAAAATGAAGGACAAATTCATAAACA']
259,0,0,True,['TTTTTTTAATACACAAAAAGCGCAATTGCCTCTATAATTTAAAGTGACCAAACCCAAACTAAAGGAGACAAGTGCGCCTATGTGTAATGATACCTTAGAATTACTAAGAATAAAAGATGAAAATATAAAATATATAAACCAAGAAATTGACGTCATTATCAAAGGAAAAAAAGCAACAGTGGTTAATGCTGTACTAACGTATAAGCCTTCGGCCTGTTATTGTTGTGGAGTTAAAAATGAAGGACAAATTCATAAACAT']
260,0,0,True,['TTTTTTTAATACACAAAAAGCGCAATTGCCTCTATAATTTAAAGTGACCAAACCCAAACTAAAGGAGACAAGTGCGCCTATGTGTAATGATACCTTAGAATTACTAAGAATAAAAGATGAAAATATAAAATATATAAACCAAGAAATTGACGTCATTATCAAAGGAAAAAAAGCAACAGTGGTTAATGCTGTACTAACGTATAAGCCTTCGGCCTGTTATTGTTGTGGAGTTAAAAATGAAGGACAAATTCATAAACATG']
261,0,0,True,['TTTTTTTAATACACAAAAAGCGCAATTGCCTCTATAATTTAAAGTGACCAAACCCAAACTAAAGGAGACAAGTGCGCCTATGTGTAATGATACCTTAGAATTACTAAGAATAAAAGATGAAAATATAAAATATATAAACCAAGAAATTGACGTCATTATCAAAGGAAAAAAAGCAACAGTGGTTAATGCTGTACTAACGTATAAGCCTTCGGCCTGTTATTGTTGTGGAGTTAAAAATGAAGGACAAATTCATAAACATGG']
262,0,0,True,['TTTTTTTAATACACAAAAAGCGCAATTGCCTCTATAATTTAAAGTGACCAAACCCAAACTAAAGGAGACAAGTGCGCCTATGTGTAATGATACCTTAGAATTACTAAGAATAAAAGATGAAAATATAAAATATATAAACCAAGAAATTGACGTCATTATCAAAGGAAAAAAAGCAACAGTGGTTAATGCTGTACTAACGTATAAGCCTTCGGCCTGTTATTGTTGTGGAGTTAAAAATGAAGGACAAATTCATAAACATGGT']
263,0,0,True,['TTTTTTTAATACACAAAAAGCGCAATTGCCTCTATAATTTAAAGTGACCAAACCCAAACTAAAGGAGACAAGTGCGCCTATGTGTAATGATACCTTAGAATTACTAAGAATAAAAGATGAAAATATAAAATATATAAACCAAGAAATTGACGTCATTATCAAAGGAAAAAAAGCAACAGTGGTTAATGCTGTACTAACGTATAAGCCTTCGGCCTGTTATTGTTGTGGAGTTAAAAATGAAGGACAAATTCATAAACATGGTA']
264,0,0,True,['TTTTTTTAATACACAAAAAGCGCAATTGCCTCTATAATTTAAAGTGACCAAACCCAAACTAAAGGAGACAAGTGCGCCTATGTGTAATGATACCTTAGAATTACTAAGAATAAAAGATGAAAATATAAAATATATAAACCAAGAAATTGACGTCATTATCAAAGGAAAAAAAGCAACAGTGGTTAATGCTGTACTAACGTATAAGCCTTCGGCCTGTTATTGTTGTGGAGTTAAAAATGAAGGACAAATTCATAAACATGGTAA']
265,0,0,True,['TTTTTTTAATACACAAAAAGCGCAATTGCCTCTATAATTTAAAGTGACCAAACCCAAACTAAAGGAGACAAGTGCGCCTATGTGTAATGATACCTTAGAATTACTAAGAATAAAAGATGAAAATATAAAATATATAAACCAAGAAATTGACGTCATTATCAAAGGAAAAAAAGCAACAGTGGTTAATGCTGTACTAACGTATAAGCCTTCGGCCTGTTATTGTTGTGGAGTTAAAAATGAAGGACAAATTCATAAACATGGTAAG']
266,0,0,True,['TTTTTTTAATACACAAAAAGCGCAATTGCCTCTATAATTTAAAGTGACCAAACCCAAACTAAAGGAGACAAGTGCGCCTATGTGTAATGATACCTTAGAATTACTAAGAATAAAAGATGAAAATATAAAATATATAAACCAAGAAATTGACGTCATTATCAAAGGAAAAAAAGCAACAGTGGTTAATGCTGTACTAACGTATAAGCCTTCGGCCTGTTATTGTTGTGGAGTTAAAAATGAAGGACAAATTCATAAACATGGTAAGC']
267,0,0,True,['TTTTTTTAATACACAAAAAGCGCAATTGCCTCTATAATTTAAAGTGACCAAACCCAAACTAAAGGAGACAAGTGCGCCTATGTGTAATGATACCTTAGAATTACTAAGAATAAAAGATGAAAATATAAAATATATAAACCAAGAAATTGACGTCATTATCAAAGGAAAAAAAGCAACAGTGGTTAATGCTGTACTAACGTATAAGCCTTCGGCCTGTTATTGTTGTGGAGTTAAAAATGAAGGACAAATTCATAAACATGGTAAGCG']
268,0,0,True,['TTTTTTTAATACACAAAAAGCGCAATTGCCTCTATAATTTAAAGTGACCAAACCCAAACTAAAGGAGACAAGTGCGCCTATGTGTAATGATACCTTAGAATTACTAAGAATAAAAGATGAAAATATAAAATATATAAACCAAGAAATTGACGTCATTATCAAAGGAAAAAAAGCAACAGTGGTTAATGCTGTACTAACGTATAAGCCTTCGGCCTGTTATTGTTGTGGAGTTAAAAATGAAGGACAAATTCATAAACATGGTAAGCGT']
269,0,0,True,['TTTTTTTAATACACAAAAAGCGCAATTGCCTCTATAATTTAAAGTGACCAAACCCAAACTAAAGGAGACAAGTGCGCCTATGTGTAATGATACCTTAGAATTACTAAGAATAAAAGATGAAAATATAAAATATATAAACCAAGAAATTGACGTCATTATCAAAGGAAAAAAAGCAACAGTGGTTAATGCTGTACTAACGTATAAGCCTTCGGCCTGTTATTGTTGTGGAGTTAAAAATGAAGGACAAATTCATAAACATGGTAAGCGTG']
270,1,2,True,['TTTTTTTAATACACAAAAAGCGCAATTGCCTCTATAATTTAAAGTGACCAAACCCAAACTAAAGGAGACAAGTGCGCCTATGTGTAATGATACCTTAGAATTACTAAGAATAAAAGATGAAAATATAAAATATATAAACCAAGAAATTGACGTCATTATCAAAGGAAAAAAAGCAACAGTGGTTAATGCTGTACTAACGTATAAGCCTTCGGCCTGTTATTGTTGTGGAGTTAAAAATGAAGGACAAATTCATAAACATGGTAAGCGTGT']
271,1,2,True,['TTTTTTTAATACACAAAAAGCGCAATTGCCTCTATAATTTAAAGTGACCAAACCCAAACTAAAGGAGACAAGTGCGCCTATGTGTAATGATACCTTAGAATTACTAAGAATAAAAGATGAAAATATAAAATATATAAACCAAGAAATTGACGTCATTATCAAAGGAAAAAAAGCAACAGTGGTTAATGCTGTACTAACGTATAAGCCTTCGGCCTGTTATTGTTGTGGAGTTAAAAATGAAGGACAAATTCATAAACATGGTAAGCGTGTT']
272,0,0,True,['TTTTTTTAATACACAAAAAGCGCAATTGCCTCTATAATTTAAAGTGACCAAACCCAAACTAAAGGAGACAAGTGCGCCTATGTGTAATGATACCTTAGAATTACTAAGAATAAAAGATGAAAATATAAAATATATAAACCAAGAAATTGACGTCATTATCAAAGGAAAAAAAGCAACAGTGGTTAATGCTGTACTAACGTATAAGCCTTCGGCCTGTTATTGTTGTGGAGTTAAAAATGAAGGACAAATTCATAAACATGGTAAGCGTGTTT']
273,1,2,True,['TTTTTTTAATACACAAAAAGCGCAATTGCCTCTATAATTTAAAGTGACCAAACCCAAACTAAAGGAGACAAGTGCGCCTATGTGTAATGATACCTTAGAATTACTAAGAATAAAAGATGAAAATATAAAATATATAAACCAAGAAATTGACGTCATTATCAAAGGAAAAAAAGCAACAGTGGTTAATGCTGTACTAACGTATAAGCCTTCGGCCTGTTATTGTTGTGGAGTTAAAAATGAAGGACAAATTCATAAACATGGTAAGCGTGTTTC']
274,1,3,True,['TTTTTTTAATACACAAAAAGCGCAATTGCCTCTATAATTTAAAGTGACCAAACCCAAACTAAAGGAGACAAGTGCGCCTATGTGTAATGATACCTTAGAATTACTAAGAATAAAAGATGAAAATATAAAATATATAAACCAAGAAATTGACGTCATTATCAAAGGAAAAAAAGCAACAGTGGTTAATGCTGTACTAACGTATAAGCCTTCGGCCTGTTATTGTTGTGGAGTTAAAAATGAAGGACAAATTCATAAACATGGTAAGCGTGTTTCT']
275,0,0,True,['TTTTTTTAATACACAAAAAGCGCAATTGCCTCTATAATTTAAAGTGACCAAACCCAAACTAAAGGAGACAAGTGCGCCTATGTGTAATGATACCTTAGAATTACTAAGAATAAAAGATGAAAATATAAAATATATAAACCAAGAAATTGACGTCATTATCAAAGGAAAAAAAGCAACAGTGGTTAATGCTGTACTAACGTATAAGCCTTCGGCCTGTTATTGTTGTGGAGTTAAAAATGAAGGACAAATTCATAAACATGGTAAGCGTGTTTCTC']
276,0,0,True,['TTTTTTTAATACACAAAAAGCGCAATTGCCTCTATAATTTAAAGTGACCAAACCCAAACTAAAGGAGACAAGTGCGCCTATGTGTAATGATACCTTAGAATTACTAAGAATAAAAGATGAAAATATAAAATATATAAACCAAGAAATTGACGTCATTATCAAAGGAAAAAAAGCAACAGTGGTTAATGCTGTACTAACGTATAAGCCTTCGGCCTGTTATTGTTGTGGAGTTAAAAATGAAGGACAAATTCATAAACATGGTAAGCGTGTTTCTCG']
277,0,0,True,['TTTTTTTAATACACAAAAAGCGCAATTGCCTCTATAATTTAAAGTGACCAAACCCAAACTAAAGGAGACAAGTGCGCCTATGTGTAATGATACCTTAGAATTACTAAGAATAAAAGATGAAAATATAAAATATATAAACCAAGAAATTGACGTCATTATCAAAGGAAAAAAAGCAACAGTGGTTAATGCTGTACTAACGTATAAGCCTTCGGCCTGTTATTGTTGTGGAGTTAAAAATGAAGGACAAATTCATAAACATGGTAAGCGTGTTTCTCGT']
278,0,0,True,['TTTTTTTAATACACAAAAAGCGCAATTGCCTCTATAATTTAAAGTGACCAAACCCAAACTAAAGGAGACAAGTGCGCCTATGTGTAATGATACCTTAGAATTACTAAGAATAAAAGATGAAAATATAAAATATATAAACCAAGAAATTGACGTCATTATCAAAGGAAAAAAAGCAACAGTGGTTAATGCTGTACTAACGTATAAGCCTTCGGCCTGTTATTGTTGTGGAGTTAAAAATGAAGGACAAATTCATAAACATGGTAAGCGTGTTTCTCGTA']
279,0,0,True,['TTTTTTTAATACACAAAAAGCGCAATTGCCTCTATAATTTAAAGTGACCAAACCCAAACTAAAGGAGACAAGTGCGCCTATGTGTAATGATACCTTAGAATTACTAAGAATAAAAGATGAAAATATAAAATATATAAACCAAGAAATTGACGTCATTATCAAAGGAAAAAAAGCAACAGTGGTTAATGCTGTACTAACGTATAAGCCTTCGGCCTGTTATTGTTGTGGAGTTAAAAATGAAGGACAAATTCATAAACATGGTAAGCGTGTTTCTCGTAT']
280,0,0,True,['TTTTTTTAATACACAAAAAGCGCAATTGCCTCTATAATTTAAAGTGACCAAACCCAAACTAAAGGAGACAAGTGCGCCTATGTGTAATGATACCTTAGAATTACTAAGAATAAAAGATGAAAATATAAAATATATAAACCAAGAAATTGACGTCATTATCAAAGGAAAAAAAGCAACAGTGGTTAATGCTGTACTAACGTATAAGCCTTCGGCCTGTTATTGTTGTGGAGTTAAAAATGAAGGACAAATTCATAAACATGGTAAGCGTGTTTCTCGTATT']
281,0,0,True,['TTTTTTTAATACACAAAAAGCGCAATTGCCTCTATAATTTAAAGTGACCAAACCCAAACTAAAGGAGACAAGTGCGCCTATGTGTAATGATACCTTAGAATTACTAAGAATAAAAGATGAAAATATAAAATATATAAACCAAGAAATTGACGTCATTATCAAAGGAAAAAAAGCAACAGTGGTTAATGCTGTACTAACGTATAAGCCTTCGGCCTGTTATTGTTGTGGAGTTAAAAATGAAGGACAAATTCATAAACATGGTAAGCGTGTTTCTCGTATTA']
282,0,0,True,['TTTTTTTAATACACAAAAAGCGCAATTGCCTCTATAATTTAAAGTGACCAAACCCAAACTAAAGGAGACAAGTGCGCCTATGTGTAATGATACCTTAGAATTACTAAGAATAAAAGATGAAAATATAAAATATATAAACCAAGAAATTGACGTCATTATCAAAGGAAAAAAAGCAACAGTGGTTAATGCTGTACTAACGTATAAGCCTTCGGCCTGTTATTGTTGTGGAGTTAAAAATGAAGGACAAATTCATAAACATGGTAAGCGTGTTTCTCGTATTAC']
283,1,2,True,['TTTTTTTAATACACAAAAAGCGCAATTGCCTCTATAATTTAAAGTGACCAAACCCAAACTAAAGGAGACAAGTGCGCCTATGTGTAATGATACCTTAGAATTACTAAGAATAAAAGATGAAAATATAAAATATATAAACCAAGAAATTGACGTCATTATCAAAGGAAAAAAAGCAACAGTGGTTAATGCTGTACTAACGTATAAGCCTTCGGCCTGTTATTGTTGTGGAGTTAAAAATGAAGGACAAATTCATAAACATGGTAAGCGTGTTTCTCGTATTACT']
284,0,0,True,['TTTTTTTAATACACAAAAAGCGCAATTGCCTCTATAATTTAAAGTGACCAAACCCAAACTAAAGGAGACAAGTGCGCCTATGTGTAATGATACCTTAGAATTACTAAGAATAAAAGATGAAAATATAAAATATATAAACCAAGAAATTGACGTCATTATCAAAGGAAAAAAAGCAACAGTGGTTAATGCTGTACTAACGTATAAGCCTTCGGCCTGTTATTGTTGTGGAGTTAAAAATGAAGGACAAATTCATAAACATGGTAAGCGTGTTTCTCGTATTACTT']
285,0,0,True,['TTTTTTTAATACACAAAAAGCGCAATTGCCTCTATAATTTAAAGTGACCAAACCCAAACTAAAGGAGACAAGTGCGCCTATGTGTAATGATACCTTAGAATTACTAAGAATAAAAGATGAAAATATAAAATATATAAACCAAGAAATTGACGTCATTATCAAAGGAAAAAAAGCAACAGTGGTTAATGCTGTACTAACGTATAAGCCTTCGGCCTGTTATTGTTGTGGAGTTAAAAATGAAGGACAAATTCATAAACATGGTAAGCGTGTTTCTCGTATTACTTT']
286,0,0,True,['TTTTTTTAATACACAAAAAGCGCAATTGCCTCTATAATTTAAAGTGACCAAACCCAAACTAAAGGAGACAAGTGCGCCTATGTGTAATGATACCTTAGAATTACTAAGAATAAAAGATGAAAATATAAAATATATAAACCAAGAAATTGACGTCATTATCAAAGGAAAAAAAGCAACAGTGGTTAATGCTGTACTAACGTATAAGCCTTCGGCCTGTTATTGTTGTGGAGTTAAAAATGAAGGACAAATTCATAAACATGGTAAGCGTGTTTCTCGTATTACTTTA']
287,0,0,True,['TTTTTTTAATACACAAAAAGCGCAATTGCCTCTATAATTTAAAGTGACCAAACCCAAACTAAAGGAGACAAGTGCGCCTATGTGTAATGATACCTTAGAATTACTAAGAATAAAAGATGAAAATATAAAATATATAAACCAAGAAATTGACGTCATTATCAAAGGAAAAAAAGCAACAGTGGTTAATGCTGTACTAACGTATAAGCCTTCGGCCTGTTATTGTTGTGGAGTTAAAAATGAAGGACAAATTCATAAACATGGTAAGCGTGTTTCTCGTATTACTTTAC']
288,0,0,True,['TTTTTTTAATACACAAAAAGCGCAATTGCCTCTATAATTTAAAGTGACCAAACCCAAACTAAAGGAGACAAGTGCGCCTATGTGTAATGATACCTTAGAATTACTAAGAATAAAAGATGAAAATATAAAATATATAAACCAAGAAATTGACGTCATTATCAAAGGAAAAAAAGCAACAGTGGTTAATGCTGTACTAACGTATAAGCCTTCGGCCTGTTATTGTTGTGGAGTTAAAAATGAAGGACAAATTCATAAACATGGTAAGCGTGTTTCTCGTATTACTTTACT']
289,0,0,True,['TTTTTTTAATACACAAAAAGCGCAATTGCCTCTATAATTTAAAGTGACCAAACCCAAACTAAAGGAGACAAGTGCGCCTATGTGTAATGATACCTTAGAATTACTAAGAATAAAAGATGAAAATATAAAATATATAAACCAAGAAATTGACGTCATTATCAAAGGAAAAAAAGCAACAGTGGTTAATGCTGTACTAACGTATAAGCCTTCGGCCTGTTATTGTTGTGGAGTTAAAAATGAAGGACAAATTCATAAACATGGTAAGCGTGTTTCTCGTATTACTTTACTT']
290,0,0,True,['TTTTTTTAATACACAAAAAGCGCAATTGCCTCTATAATTTAAAGTGACCAAACCCAAACTAAAGGAGACAAGTGCGCCTATGTGTAATGATACCTTAGAATTACTAAGAATAAAAGATGAAAATATAAAATATATAAACCAAGAAATTGACGTCATTATCAAAGGAAAAAAAGCAACAGTGGTTAATGCTGTACTAACGTATAAGCCTTCGGCCTGTTATTGTTGTGGAGTTAAAAATGAAGGACAAATTCATAAACATGGTAAGCGTGTTTCTCGTATTACTTTACTTA']
291,0,0,True,['TTTTTTTAATACACAAAAAGCGCAATTGCCTCTATAATTTAAAGTGACCAAACCCAAACTAAAGGAGACAAGTGCGCCTATGTGTAATGATACCTTAGAATTACTAAGAATAAAAGATGAAAATATAAAATATATAAACCAAGAAATTGACGTCATTATCAAAGGAAAAAAAGCAACAGTGGTTAATGCTGTACTAACGTATAAGCCTTCGGCCTGTTATTGTTGTGGAGTTAAAAATGAAGGACAAATTCATAAACATGGTAAGCGTGTTTCTCGTATTACTTTACTTAA']
292,0,0,True,['TTTTTTTAATACACAAAAAGCGCAATTGCCTCTATAATTTAAAGTGACCAAACCCAAACTAAAGGAGACAAGTGCGCCTATGTGTAATGATACCTTAGAATTACTAAGAATAAAAGATGAAAATATAAAATATATAAACCAAGAAATTGACGTCATTATCAAAGGAAAAAAAGCAACAGTGGTTAATGCTGTACTAACGTATAAGCCTTCGGCCTGTTATTGTTGTGGAGTTAAAAATGAAGGACAAATTCATAAACATGGTAAGCGTGTTTCTCGTATTACTTTACTTAAA']
293,0,0,True,['TTTTTTTAATACACAAAAAGCGCAATTGCCTCTATAATTTAAAGTGACCAAACCCAAACTAAAGGAGACAAGTGCGCCTATGTGTAATGATACCTTAGAATTACTAAGAATAAAAGATGAAAATATAAAATATATAAACCAAGAAATTGACGTCATTATCAAAGGAAAAAAAGCAACAGTGGTTAATGCTGTACTAACGTATAAGCCTTCGGCCTGTTATTGTTGTGGAGTTAAAAATGAAGGACAAATTCATAAACATGGTAAGCGTGTTTCTCGTATTACTTTACTTAAAA']
294,0,0,True,['TTTTTTTAATACACAAAAAGCGCAATTGCCTCTATAATTTAAAGTGACCAAACCCAAACTAAAGGAGACAAGTGCGCCTATGTGTAATGATACCTTAGAATTACTAAGAATAAAAGATGAAAATATAAAATATATAAACCAAGAAATTGACGTCATTATCAAAGGAAAAAAAGCAACAGTGGTTAATGCTGTACTAACGTATAAGCCTTCGGCCTGTTATTGTTGTGGAGTTAAAAATGAAGGACAAATTCATAAACATGGTAAGCGTGTTTCTCGTATTACTTTACTTAAAAC']
295,0,0,True,['TTTTTTTAATACACAAAAAGCGCAATTGCCTCTATAATTTAAAGTGACCAAACCCAAACTAAAGGAGACAAGTGCGCCTATGTGTAATGATACCTTAGAATTACTAAGAATAAAAGATGAAAATATAAAATATATAAACCAAGAAATTGACGTCATTATCAAAGGAAAAAAAGCAACAGTGGTTAATGCTGTACTAACGTATAAGCCTTCGGCCTGTTATTGTTGTGGAGTTAAAAATGAAGGACAAATTCATAAACATGGTAAGCGTGTTTCTCGTATTACTTTACTTAAAACT']
296,0,0,True,['TTTTTTTAATACACAAAAAGCGCAATTGCCTCTATAATTTAAAGTGACCAAACCCAAACTAAAGGAGACAAGTGCGCCTATGTGTAATGATACCTTAGAATTACTAAGAATAAAAGATGAAAATATAAAATATATAAACCAAGAAATTGACGTCATTATCAAAGGAAAAAAAGCAACAGTGGTTAATGCTGTACTAACGTATAAGCCTTCGGCCTGTTATTGTTGTGGAGTTAAAAATGAAGGACAAATTCATAAACATGGTAAGCGTGTTTCTCGTATTACTTTACTTAAAACTC']
297,0,0,True,['TTTTTTTAATACACAAAAAGCGCAATTGCCTCTATAATTTAAAGTGACCAAACCCAAACTAAAGGAGACAAGTGCGCCTATGTGTAATGATACCTTAGAATTACTAAGAATAAAAGATGAAAATATAAAATATATAAACCAAGAAATTGACGTCATTATCAAAGGAAAAAAAGCAACAGTGGTTAATGCTGTACTAACGTATAAGCCTTCGGCCTGTTATTGTTGTGGAGTTAAAAATGAAGGACAAATTCATAAACATGGTAAGCGTGTTTCTCGTATTACTTTACTTAAAACTCA']
298,0,0,True,['TTTTTTTAATACACAAAAAGCGCAATTGCCTCTATAATTTAAAGTGACCAAACCCAAACTAAAGGAGACAAGTGCGCCTATGTGTAATGATACCTTAGAATTACTAAGAATAAAAGATGAAAATATAAAATATATAAACCAAGAAATTGACGTCATTATCAAAGGAAAAAAAGCAACAGTGGTTAATGCTGTACTAACGTATAAGCCTTCGGCCTGTTATTGTTGTGGAGTTAAAAATGAAGGACAAATTCATAAACATGGTAAGCGTGTTTCTCGTATTACTTTACTTAAAACTCAA']
299,0,0,True,['TTTTTTTAATACACAAAAAGCGCAATTGCCTCTATAATTTAAAGTGACCAAACCCAAACTAAAGGAGACAAGTGCGCCTATGTGTAATGATACCTTAGAATTACTAAGAATAAAAGATGAAAATATAAAATATATAAACCAAGAAATTGACGTCATTATCAAAGGAAAAAAAGCAACAGTGGTTAATGCTGTACTAACGTATAAGCCTTCGGCCTGTTATTGTTGTGGAGTTAAAAATGAAGGACAAATTCATAAACATGGTAAGCGTGTTTCTCGTATTACTTTACTTAAAACTCAAG']
300,0,0,True,['TTTTTTTAATACACAAAAAGCGCAATTGCCTCTATAATTTAAAGTGACCAAACCCAAACTAAAGGAGACAAGTGCGCCTATGTGTAATGATACCTTAGAATTACTAAGAATAAAAGATGAAAATATAAAATATATAAACCAAGAAATTGACGTCATTATCAAAGGAAAAAAAGCAACAGTGGTTAATGCTGTACTAACGTATAAGCCTTCGGCCTGTTATTGTTGTGGAGTTAAAAATGAAGGACAAATTCATAAACATGGTAAGCGTGTTTCTCGTATTACTTTACTTAAAACTCAAGG']
301,0,0,True,['TTTTTTTAATACACAAAAAGCGCAATTGCCTCTATAATTTAAAGTGACCAAACCCAAACTAAAGGAGACAAGTGCGCCTATGTGTAATGATACCTTAGAATTACTAAGAATAAAAGATGAAAATATAAAATATATAAACCAAGAAATTGACGTCATTATCAAAGGAAAAAAAGCAACAGTGGTTAATGCTGTACTAACGTATAAGCCTTCGGCCTGTTATTGTTGTGGAGTTAAAAATGAAGGACAAATTCATAAACATGGTAAGCGTGTTTCTCGTATTACTTTACTTAAAACTCAAGGG']
302,0,0,True,['TTTTTTTAATACACAAAAAGCGCAATTGCCTCTATAATTTAAAGTGACCAAACCCAAACTAAAGGAGACAAGTGCGCCTATGTGTAATGATACCTTAGAATTACTAAGAATAAAAGATGAAAATATAAAATATATAAACCAAGAAATTGACGTCATTATCAAAGGAAAAAAAGCAACAGTGGTTAATGCTGTACTAACGTATAAGCCTTCGGCCTGTTATTGTTGTGGAGTTAAAAATGAAGGACAAATTCATAAACATGGTAAGCGTGTTTCTCGTATTACTTTACTTAAAACTCAAGGGT']
303,0,0,True,['TTTTTTTAATACACAAAAAGCGCAATTGCCTCTATAATTTAAAGTGACCAAACCCAAACTAAAGGAGACAAGTGCGCCTATGTGTAATGATACCTTAGAATTACTAAGAATAAAAGATGAAAATATAAAATATATAAACCAAGAAATTGACGTCATTATCAAAGGAAAAAAAGCAACAGTGGTTAATGCTGTACTAACGTATAAGCCTTCGGCCTGTTATTGTTGTGGAGTTAAAAATGAAGGACAAATTCATAAACATGGTAAGCGTGTTTCTCGTATTACTTTACTTAAAACTCAAGGGTA']
304,0,0,True,['TTTTTTTAATACACAAAAAGCGCAATTGCCTCTATAATTTAAAGTGACCAAACCCAAACTAAAGGAGACAAGTGCGCCTATGTGTAATGATACCTTAGAATTACTAAGAATAAAAGATGAAAATATAAAATATATAAACCAAGAAATTGACGTCATTATCAAAGGAAAAAAAGCAACAGTGGTTAATGCTGTACTAACGTATAAGCCTTCGGCCTGTTATTGTTGTGGAGTTAAAAATGAAGGACAAATTCATAAACATGGTAAGCGTGTTTCTCGTATTACTTTACTTAAAACTCAAGGGTAT']
305,0,0,True,['TTTTTTTAATACACAAAAAGCGCAATTGCCTCTATAATTTAAAGTGACCAAACCCAAACTAAAGGAGACAAGTGCGCCTATGTGTAATGATACCTTAGAATTACTAAGAATAAAAGATGAAAATATAAAATATATAAACCAAGAAATTGACGTCATTATCAAAGGAAAAAAAGCAACAGTGGTTAATGCTGTACTAACGTATAAGCCTTCGGCCTGTTATTGTTGTGGAGTTAAAAATGAAGGACAAATTCATAAACATGGTAAGCGTGTTTCTCGTATTACTTTACTTAAAACTCAAGGGTATA']
306,0,0,True,['TTTTTTTAATACACAAAAAGCGCAATTGCCTCTATAATTTAAAGTGACCAAACCCAAACTAAAGGAGACAAGTGCGCCTATGTGTAATGATACCTTAGAATTACTAAGAATAAAAGATGAAAATATAAAATATATAAACCAAGAAATTGACGTCATTATCAAAGGAAAAAAAGCAACAGTGGTTAATGCTGTACTAACGTATAAGCCTTCGGCCTGTTATTGTTGTGGAGTTAAAAATGAAGGACAAATTCATAAACATGGTAAGCGTGTTTCTCGTATTACTTTACTTAAAACTCAAGGGTATAA']
307,0,0,True,['TTTTTTTAATACACAAAAAGCGCAATTGCCTCTATAATTTAAAGTGACCAAACCCAAACTAAAGGAGACAAGTGCGCCTATGTGTAATGATACCTTAGAATTACTAAGAATAAAAGATGAAAATATAAAATATATAAACCAAGAAATTGACGTCATTATCAAAGGAAAAAAAGCAACAGTGGTTAATGCTGTACTAACGTATAAGCCTTCGGCCTGTTATTGTTGTGGAGTTAAAAATGAAGGACAAATTCATAAACATGGTAAGCGTGTTTCTCGTATTACTTTACTTAAAACTCAAGGGTATAAC']
308,0,0,True,['TTTTTTTAATACACAAAAAGCGCAATTGCCTCTATAATTTAAAGTGACCAAACCCAAACTAAAGGAGACAAGTGCGCCTATGTGTAATGATACCTTAGAATTACTAAGAATAAAAGATGAAAATATAAAATATATAAACCAAGAAATTGACGTCATTATCAAAGGAAAAAAAGCAACAGTGGTTAATGCTGTACTAACGTATAAGCCTTCGGCCTGTTATTGTTGTGGAGTTAAAAATGAAGGACAAATTCATAAACATGGTAAGCGTGTTTCTCGTATTACTTTACTTAAAACTCAAGGGTATAACA']
309,0,0,True,['TTTTTTTAATACACAAAAAGCGCAATTGCCTCTATAATTTAAAGTGACCAAACCCAAACTAAAGGAGACAAGTGCGCCTATGTGTAATGATACCTTAGAATTACTAAGAATAAAAGATGAAAATATAAAATATATAAACCAAGAAATTGACGTCATTATCAAAGGAAAAAAAGCAACAGTGGTTAATGCTGTACTAACGTATAAGCCTTCGGCCTGTTATTGTTGTGGAGTTAAAAATGAAGGACAAATTCATAAACATGGTAAGCGTGTTTCTCGTATTACTTTACTTAAAACTCAAGGGTATAACAC']
310,0,0,True,['TTTTTTTAATACACAAAAAGCGCAATTGCCTCTATAATTTAAAGTGACCAAACCCAAACTAAAGGAGACAAGTGCGCCTATGTGTAATGATACCTTAGAATTACTAAGAATAAAAGATGAAAATATAAAATATATAAACCAAGAAATTGACGTCATTATCAAAGGAAAAAAAGCAACAGTGGTTAATGCTGTACTAACGTATAAGCCTTCGGCCTGTTATTGTTGTGGAGTTAAAAATGAAGGACAAATTCATAAACATGGTAAGCGTGTTTCTCGTATTACTTTACTTAAAACTCAAGGGTATAACACA']
311,0,0,True,['TTTTTTTAATACACAAAAAGCGCAATTGCCTCTATAATTTAAAGTGACCAAACCCAAACTAAAGGAGACAAGTGCGCCTATGTGTAATGATACCTTAGAATTACTAAGAATAAAAGATGAAAATATAAAATATATAAACCAAGAAATTGACGTCATTATCAAAGGAAAAAAAGCAACAGTGGTTAATGCTGTACTAACGTATAAGCCTTCGGCCTGTTATTGTTGTGGAGTTAAAAATGAAGGACAAATTCATAAACATGGTAAGCGTGTTTCTCGTATTACTTTACTTAAAACTCAAGGGTATAACACAT']
312,0,0,True,['TTTTTTTAATACACAAAAAGCGCAATTGCCTCTATAATTTAAAGTGACCAAACCCAAACTAAAGGAGACAAGTGCGCCTATGTGTAATGATACCTTAGAATTACTAAGAATAAAAGATGAAAATATAAAATATATAAACCAAGAAATTGACGTCATTATCAAAGGAAAAAAAGCAACAGTGGTTAATGCTGTACTAACGTATAAGCCTTCGGCCTGTTATTGTTGTGGAGTTAAAAATGAAGGACAAATTCATAAACATGGTAAGCGTGTTTCTCGTATTACTTTACTTAAAACTCAAGGGTATAACACATA']
313,0,0,True,['TTTTTTTAATACACAAAAAGCGCAATTGCCTCTATAATTTAAAGTGACCAAACCCAAACTAAAGGAGACAAGTGCGCCTATGTGTAATGATACCTTAGAATTACTAAGAATAAAAGATGAAAATATAAAATATATAAACCAAGAAATTGACGTCATTATCAAAGGAAAAAAAGCAACAGTGGTTAATGCTGTACTAACGTATAAGCCTTCGGCCTGTTATTGTTGTGGAGTTAAAAATGAAGGACAAATTCATAAACATGGTAAGCGTGTTTCTCGTATTACTTTACTTAAAACTCAAGGGTATAACACATAC']
314,0,0,True,['TTTTTTTAATACACAAAAAGCGCAATTGCCTCTATAATTTAAAGTGACCAAACCCAAACTAAAGGAGACAAGTGCGCCTATGTGTAATGATACCTTAGAATTACTAAGAATAAAAGATGAAAATATAAAATATATAAACCAAGAAATTGACGTCATTATCAAAGGAAAAAAAGCAACAGTGGTTAATGCTGTACTAACGTATAAGCCTTCGGCCTGTTATTGTTGTGGAGTTAAAAATGAAGGACAAATTCATAAACATGGTAAGCGTGTTTCTCGTATTACTTTACTTAAAACTCAAGGGTATAACACATACC']
315,0,0,True,['TTTTTTTAATACACAAAAAGCGCAATTGCCTCTATAATTTAAAGTGACCAAACCCAAACTAAAGGAGACAAGTGCGCCTATGTGTAATGATACCTTAGAATTACTAAGAATAAAAGATGAAAATATAAAATATATAAACCAAGAAATTGACGTCATTATCAAAGGAAAAAAAGCAACAGTGGTTAATGCTGTACTAACGTATAAGCCTTCGGCCTGTTATTGTTGTGGAGTTAAAAATGAAGGACAAATTCATAAACATGGTAAGCGTGTTTCTCGTATTACTTTACTTAAAACTCAAGGGTATAACACATACCT']
316,0,0,True,['TTTTTTTAATACACAAAAAGCGCAATTGCCTCTATAATTTAAAGTGACCAAACCCAAACTAAAGGAGACAAGTGCGCCTATGTGTAATGATACCTTAGAATTACTAAGAATAAAAGATGAAAATATAAAATATATAAACCAAGAAATTGACGTCATTATCAAAGGAAAAAAAGCAACAGTGGTTAATGCTGTACTAACGTATAAGCCTTCGGCCTGTTATTGTTGTGGAGTTAAAAATGAAGGACAAATTCATAAACATGGTAAGCGTGTTTCTCGTATTACTTTACTTAAAACTCAAGGGTATAACACATACCTC']
317,0,0,True,['TTTTTTTAATACACAAAAAGCGCAATTGCCTCTATAATTTAAAGTGACCAAACCCAAACTAAAGGAGACAAGTGCGCCTATGTGTAATGATACCTTAGAATTACTAAGAATAAAAGATGAAAATATAAAATATATAAACCAAGAAATTGACGTCATTATCAAAGGAAAAAAAGCAACAGTGGTTAATGCTGTACTAACGTATAAGCCTTCGGCCTGTTATTGTTGTGGAGTTAAAAATGAAGGACAAATTCATAAACATGGTAAGCGTGTTTCTCGTATTACTTTACTTAAAACTCAAGGGTATAACACATACCTCA']
318,0,0,True,['TTTTTTTAATACACAAAAAGCGCAATTGCCTCTATAATTTAAAGTGACCAAACCCAAACTAAAGGAGACAAGTGCGCCTATGTGTAATGATACCTTAGAATTACTAAGAATAAAAGATGAAAATATAAAATATATAAACCAAGAAATTGACGTCATTATCAAAGGAAAAAAAGCAACAGTGGTTAATGCTGTACTAACGTATAAGCCTTCGGCCTGTTATTGTTGTGGAGTTAAAAATGAAGGACAAATTCATAAACATGGTAAGCGTGTTTCTCGTATTACTTTACTTAAAACTCAAGGGTATAACACATACCTCAA']
319,0,0,True,['TTTTTTTAATACACAAAAAGCGCAATTGCCTCTATAATTTAAAGTGACCAAACCCAAACTAAAGGAGACAAGTGCGCCTATGTGTAATGATACCTTAGAATTACTAAGAATAAAAGATGAAAATATAAAATATATAAACCAAGAAATTGACGTCATTATCAAAGGAAAAAAAGCAACAGTGGTTAATGCTGTACTAACGTATAAGCCTTCGGCCTGTTATTGTTGTGGAGTTAAAAATGAAGGACAAATTCATAAACATGGTAAGCGTGTTTCTCGTATTACTTTACTTAAAACTCAAGGGTATAACACATACCTCAAC']
320,1,3,True,['TTTTTTTAATACACAAAAAGCGCAATTGCCTCTATAATTTAAAGTGACCAAACCCAAACTAAAGGAGACAAGTGCGCCTATGTGTAATGATACCTTAGAATTACTAAGAATAAAAGATGAAAATATAAAATATATAAACCAAGAAATTGACGTCATTATCAAAGGAAAAAAAGCAACAGTGGTTAATGCTGTACTAACGTATAAGCCTTCGGCCTGTTATTGTTGTGGAGTTAAAAATGAAGGACAAATTCATAAACATGGTAAGCGTGTTTCTCGTATTACTTTACTTAAAACTCAAGGGTATAACACATACCTCAACT']
321,0,0,True,['TTTTTTTAATACACAAAAAGCGCAATTGCCTCTATAATTTAAAGTGACCAAACCCAAACTAAAGGAGACAAGTGCGCCTATGTGTAATGATACCTTAGAATTACTAAGAATAAAAGATGAAAATATAAAATATATAAACCAAGAAATTGACGTCATTATCAAAGGAAAAAAAGCAACAGTGGTTAATGCTGTACTAACGTATAAGCCTTCGGCCTGTTATTGTTGTGGAGTTAAAAATGAAGGACAAATTCATAAACATGGTAAGCGTGTTTCTCGTATTACTTTACTTAAAACTCAAGGGTATAACACATACCTCAACTT']
322,0,0,True,['TTTTTTTAATACACAAAAAGCGCAATTGCCTCTATAATTTAAAGTGACCAAACCCAAACTAAAGGAGACAAGTGCGCCTATGTGTAATGATACCTTAGAATTACTAAGAATAAAAGATGAAAATATAAAATATATAAACCAAGAAATTGACGTCATTATCAAAGGAAAAAAAGCAACAGTGGTTAATGCTGTACTAACGTATAAGCCTTCGGCCTGTTATTGTTGTGGAGTTAAAAATGAAGGACAAATTCATAAACATGGTAAGCGTGTTTCTCGTATTACTTTACTTAAAACTCAAGGGTATAACACATACCTCAACTTA']
323,0,0,True,['TTTTTTTAATACACAAAAAGCGCAATTGCCTCTATAATTTAAAGTGACCAAACCCAAACTAAAGGAGACAAGTGCGCCTATGTGTAATGATACCTTAGAATTACTAAGAATAAAAGATGAAAATATAAAATATATAAACCAAGAAATTGACGTCATTATCAAAGGAAAAAAAGCAACAGTGGTTAATGCTGTACTAACGTATAAGCCTTCGGCCTGTTATTGTTGTGGAGTTAAAAATGAAGGACAAATTCATAAACATGGTAAGCGTGTTTCTCGTATTACTTTACTTAAAACTCAAGGGTATAACACATACCTCAACTTAG']
324,0,0,True,['TTTTTTTAATACACAAAAAGCGCAATTGCCTCTATAATTTAAAGTGACCAAACCCAAACTAAAGGAGACAAGTGCGCCTATGTGTAATGATACCTTAGAATTACTAAGAATAAAAGATGAAAATATAAAATATATAAACCAAGAAATTGACGTCATTATCAAAGGAAAAAAAGCAACAGTGGTTAATGCTGTACTAACGTATAAGCCTTCGGCCTGTTATTGTTGTGGAGTTAAAAATGAAGGACAAATTCATAAACATGGTAAGCGTGTTTCTCGTATTACTTTACTTAAAACTCAAGGGTATAACACATACCTCAACTTAGC']
325,0,0,True,['TTTTTTTAATACACAAAAAGCGCAATTGCCTCTATAATTTAAAGTGACCAAACCCAAACTAAAGGAGACAAGTGCGCCTATGTGTAATGATACCTTAGAATTACTAAGAATAAAAGATGAAAATATAAAATATATAAACCAAGAAATTGACGTCATTATCAAAGGAAAAAAAGCAACAGTGGTTAATGCTGTACTAACGTATAAGCCTTCGGCCTGTTATTGTTGTGGAGTTAAAAATGAAGGACAAATTCATAAACATGGTAAGCGTGTTTCTCGTATTACTTTACTTAAAACTCAAGGGTATAACACATACCTCAACTTAGCT']
326,0,0,True,['TTTTTTTAATACACAAAAAGCGCAATTGCCTCTATAATTTAAAGTGACCAAACCCAAACTAAAGGAGACAAGTGCGCCTATGTGTAATGATACCTTAGAATTACTAAGAATAAAAGATGAAAATATAAAATATATAAACCAAGAAATTGACGTCATTATCAAAGGAAAAAAAGCAACAGTGGTTAATGCTGTACTAACGTATAAGCCTTCGGCCTGTTATTGTTGTGGAGTTAAAAATGAAGGACAAATTCATAAACATGGTAAGCGTGTTTCTCGTATTACTTTACTTAAAACTCAAGGGTATAACACATACCTCAACTTAGCTA']
327,0,0,True,['TTTTTTTAATACACAAAAAGCGCAATTGCCTCTATAATTTAAAGTGACCAAACCCAAACTAAAGGAGACAAGTGCGCCTATGTGTAATGATACCTTAGAATTACTAAGAATAAAAGATGAAAATATAAAATATATAAACCAAGAAATTGACGTCATTATCAAAGGAAAAAAAGCAACAGTGGTTAATGCTGTACTAACGTATAAGCCTTCGGCCTGTTATTGTTGTGGAGTTAAAAATGAAGGACAAATTCATAAACATGGTAAGCGTGTTTCTCGTATTACTTTACTTAAAACTCAAGGGTATAACACATACCTCAACTTAGCTAA']
328,0,0,True,['TTTTTTTAATACACAAAAAGCGCAATTGCCTCTATAATTTAAAGTGACCAAACCCAAACTAAAGGAGACAAGTGCGCCTATGTGTAATGATACCTTAGAATTACTAAGAATAAAAGATGAAAATATAAAATATATAAACCAAGAAATTGACGTCATTATCAAAGGAAAAAAAGCAACAGTGGTTAATGCTGTACTAACGTATAAGCCTTCGGCCTGTTATTGTTGTGGAGTTAAAAATGAAGGACAAATTCATAAACATGGTAAGCGTGTTTCTCGTATTACTTTACTTAAAACTCAAGGGTATAACACATACCTCAACTTAGCTAAA']
329,1,2,True,['TTTTTTTAATACACAAAAAGCGCAATTGCCTCTATAATTTAAAGTGACCAAACCCAAACTAAAGGAGACAAGTGCGCCTATGTGTAATGATACCTTAGAATTACTAAGAATAAAAGATGAAAATATAAAATATATAAACCAAGAAATTGACGTCATTATCAAAGGAAAAAAAGCAACAGTGGTTAATGCTGTACTAACGTATAAGCCTTCGGCCTGTTATTGTTGTGGAGTTAAAAATGAAGGACAAATTCATAAACATGGTAAGCGTGTTTCTCGTATTACTTTACTTAAAACTCAAGGGTATAACACATACCTCAACTTAGCTAAAC']
330,0,0,True,['TTTTTTTAATACACAAAAAGCGCAATTGCCTCTATAATTTAAAGTGACCAAACCCAAACTAAAGGAGACAAGTGCGCCTATGTGTAATGATACCTTAGAATTACTAAGAATAAAAGATGAAAATATAAAATATATAAACCAAGAAATTGACGTCATTATCAAAGGAAAAAAAGCAACAGTGGTTAATGCTGTACTAACGTATAAGCCTTCGGCCTGTTATTGTTGTGGAGTTAAAAATGAAGGACAAATTCATAAACATGGTAAGCGTGTTTCTCGTATTACTTTACTTAAAACTCAAGGGTATAACACATACCTCAACTTAGCTAAACA']
331,0,0,True,['TTTTTTTAATACACAAAAAGCGCAATTGCCTCTATAATTTAAAGTGACCAAACCCAAACTAAAGGAGACAAGTGCGCCTATGTGTAATGATACCTTAGAATTACTAAGAATAAAAGATGAAAATATAAAATATATAAACCAAGAAATTGACGTCATTATCAAAGGAAAAAAAGCAACAGTGGTTAATGCTGTACTAACGTATAAGCCTTCGGCCTGTTATTGTTGTGGAGTTAAAAATGAAGGACAAATTCATAAACATGGTAAGCGTGTTTCTCGTATTACTTTACTTAAAACTCAAGGGTATAACACATACCTCAACTTAGCTAAACAA']
332,0,0,True,['TTTTTTTAATACACAAAAAGCGCAATTGCCTCTATAATTTAAAGTGACCAAACCCAAACTAAAGGAGACAAGTGCGCCTATGTGTAATGATACCTTAGAATTACTAAGAATAAAAGATGAAAATATAAAATATATAAACCAAGAAATTGACGTCATTATCAAAGGAAAAAAAGCAACAGTGGTTAATGCTGTACTAACGTATAAGCCTTCGGCCTGTTATTGTTGTGGAGTTAAAAATGAAGGACAAATTCATAAACATGGTAAGCGTGTTTCTCGTATTACTTTACTTAAAACTCAAGGGTATAACACATACCTCAACTTAGCTAAACAAC']
333,0,0,True,['TTTTTTTAATACACAAAAAGCGCAATTGCCTCTATAATTTAAAGTGACCAAACCCAAACTAAAGGAGACAAGTGCGCCTATGTGTAATGATACCTTAGAATTACTAAGAATAAAAGATGAAAATATAAAATATATAAACCAAGAAATTGACGTCATTATCAAAGGAAAAAAAGCAACAGTGGTTAATGCTGTACTAACGTATAAGCCTTCGGCCTGTTATTGTTGTGGAGTTAAAAATGAAGGACAAATTCATAAACATGGTAAGCGTGTTTCTCGTATTACTTTACTTAAAACTCAAGGGTATAACACATACCTCAACTTAGCTAAACAACG']
334,0,0,True,['TTTTTTTAATACACAAAAAGCGCAATTGCCTCTATAATTTAAAGTGACCAAACCCAAACTAAAGGAGACAAGTGCGCCTATGTGTAATGATACCTTAGAATTACTAAGAATAAAAGATGAAAATATAAAATATATAAACCAAGAAATTGACGTCATTATCAAAGGAAAAAAAGCAACAGTGGTTAATGCTGTACTAACGTATAAGCCTTCGGCCTGTTATTGTTGTGGAGTTAAAAATGAAGGACAAATTCATAAACATGGTAAGCGTGTTTCTCGTATTACTTTACTTAAAACTCAAGGGTATAACACATACCTCAACTTAGCTAAACAACGT']
335,0,0,True,['TTTTTTTAATACACAAAAAGCGCAATTGCCTCTATAATTTAAAGTGACCAAACCCAAACTAAAGGAGACAAGTGCGCCTATGTGTAATGATACCTTAGAATTACTAAGAATAAAAGATGAAAATATAAAATATATAAACCAAGAAATTGACGTCATTATCAAAGGAAAAAAAGCAACAGTGGTTAATGCTGTACTAACGTATAAGCCTTCGGCCTGTTATTGTTGTGGAGTTAAAAATGAAGGACAAATTCATAAACATGGTAAGCGTGTTTCTCGTATTACTTTACTTAAAACTCAAGGGTATAACACATACCTCAACTTAGCTAAACAACGTT']
336,0,0,True,['TTTTTTTAATACACAAAAAGCGCAATTGCCTCTATAATTTAAAGTGACCAAACCCAAACTAAAGGAGACAAGTGCGCCTATGTGTAATGATACCTTAGAATTACTAAGAATAAAAGATGAAAATATAAAATATATAAACCAAGAAATTGACGTCATTATCAAAGGAAAAAAAGCAACAGTGGTTAATGCTGTACTAACGTATAAGCCTTCGGCCTGTTATTGTTGTGGAGTTAAAAATGAAGGACAAATTCATAAACATGGTAAGCGTGTTTCTCGTATTACTTTACTTAAAACTCAAGGGTATAACACATACCTCAACTTAGCTAAACAACGTTT']
337,0,0,True,['TTTTTTTAATACACAAAAAGCGCAATTGCCTCTATAATTTAAAGTGACCAAACCCAAACTAAAGGAGACAAGTGCGCCTATGTGTAATGATACCTTAGAATTACTAAGAATAAAAGATGAAAATATAAAATATATAAACCAAGAAATTGACGTCATTATCAAAGGAAAAAAAGCAACAGTGGTTAATGCTGTACTAACGTATAAGCCTTCGGCCTGTTATTGTTGTGGAGTTAAAAATGAAGGACAAATTCATAAACATGGTAAGCGTGTTTCTCGTATTACTTTACTTAAAACTCAAGGGTATAACACATACCTCAACTTAGCTAAACAACGTTTT']
338,0,0,True,['TTTTTTTAATACACAAAAAGCGCAATTGCCTCTATAATTTAAAGTGACCAAACCCAAACTAAAGGAGACAAGTGCGCCTATGTGTAATGATACCTTAGAATTACTAAGAATAAAAGATGAAAATATAAAATATATAAACCAAGAAATTGACGTCATTATCAAAGGAAAAAAAGCAACAGTGGTTAATGCTGTACTAACGTATAAGCCTTCGGCCTGTTATTGTTGTGGAGTTAAAAATGAAGGACAAATTCATAAACATGGTAAGCGTGTTTCTCGTATTACTTTACTTAAAACTCAAGGGTATAACACATACCTCAACTTAGCTAAACAACGTTTTA']
339,0,0,True,['TTTTTTTAATACACAAAAAGCGCAATTGCCTCTATAATTTAAAGTGACCAAACCCAAACTAAAGGAGACAAGTGCGCCTATGTGTAATGATACCTTAGAATTACTAAGAATAAAAGATGAAAATATAAAATATATAAACCAAGAAATTGACGTCATTATCAAAGGAAAAAAAGCAACAGTGGTTAATGCTGTACTAACGTATAAGCCTTCGGCCTGTTATTGTTGTGGAGTTAAAAATGAAGGACAAATTCATAAACATGGTAAGCGTGTTTCTCGTATTACTTTACTTAAAACTCAAGGGTATAACACATACCTCAACTTAGCTAAACAACGTTTTAA']
340,0,0,True,['TTTTTTTAATACACAAAAAGCGCAATTGCCTCTATAATTTAAAGTGACCAAACCCAAACTAAAGGAGACAAGTGCGCCTATGTGTAATGATACCTTAGAATTACTAAGAATAAAAGATGAAAATATAAAATATATAAACCAAGAAATTGACGTCATTATCAAAGGAAAAAAAGCAACAGTGGTTAATGCTGTACTAACGTATAAGCCTTCGGCCTGTTATTGTTGTGGAGTTAAAAATGAAGGACAAATTCATAAACATGGTAAGCGTGTTTCTCGTATTACTTTACTTAAAACTCAAGGGTATAACACATACCTCAACTTAGCTAAACAACGTTTTAAA']
341,0,0,True,['TTTTTTTAATACACAAAAAGCGCAATTGCCTCTATAATTTAAAGTGACCAAACCCAAACTAAAGGAGACAAGTGCGCCTATGTGTAATGATACCTTAGAATTACTAAGAATAAAAGATGAAAATATAAAATATATAAACCAAGAAATTGACGTCATTATCAAAGGAAAAAAAGCAACAGTGGTTAATGCTGTACTAACGTATAAGCCTTCGGCCTGTTATTGTTGTGGAGTTAAAAATGAAGGACAAATTCATAAACATGGTAAGCGTGTTTCTCGTATTACTTTACTTAAAACTCAAGGGTATAACACATACCTCAACTTAGCTAAACAACGTTTTAAAT']
342,0,0,True,['TTTTTTTAATACACAAAAAGCGCAATTGCCTCTATAATTTAAAGTGACCAAACCCAAACTAAAGGAGACAAGTGCGCCTATGTGTAATGATACCTTAGAATTACTAAGAATAAAAGATGAAAATATAAAATATATAAACCAAGAAATTGACGTCATTATCAAAGGAAAAAAAGCAACAGTGGTTAATGCTGTACTAACGTATAAGCCTTCGGCCTGTTATTGTTGTGGAGTTAAAAATGAAGGACAAATTCATAAACATGGTAAGCGTGTTTCTCGTATTACTTTACTTAAAACTCAAGGGTATAACACATACCTCAACTTAGCTAAACAACGTTTTAAATG']
343,0,0,True,['TTTTTTTAATACACAAAAAGCGCAATTGCCTCTATAATTTAAAGTGACCAAACCCAAACTAAAGGAGACAAGTGCGCCTATGTGTAATGATACCTTAGAATTACTAAGAATAAAAGATGAAAATATAAAATATATAAACCAAGAAATTGACGTCATTATCAAAGGAAAAAAAGCAACAGTGGTTAATGCTGTACTAACGTATAAGCCTTCGGCCTGTTATTGTTGTGGAGTTAAAAATGAAGGACAAATTCATAAACATGGTAAGCGTGTTTCTCGTATTACTTTACTTAAAACTCAAGGGTATAACACATACCTCAACTTAGCTAAACAACGTTTTAAATGC']
344,0,0,True,['TTTTTTTAATACACAAAAAGCGCAATTGCCTCTATAATTTAAAGTGACCAAACCCAAACTAAAGGAGACAAGTGCGCCTATGTGTAATGATACCTTAGAATTACTAAGAATAAAAGATGAAAATATAAAATATATAAACCAAGAAATTGACGTCATTATCAAAGGAAAAAAAGCAACAGTGGTTAATGCTGTACTAACGTATAAGCCTTCGGCCTGTTATTGTTGTGGAGTTAAAAATGAAGGACAAATTCATAAACATGGTAAGCGTGTTTCTCGTATTACTTTACTTAAAACTCAAGGGTATAACACATACCTCAACTTAGCTAAACAACGTTTTAAATGCT']
345,0,0,True,['TTTTTTTAATACACAAAAAGCGCAATTGCCTCTATAATTTAAAGTGACCAAACCCAAACTAAAGGAGACAAGTGCGCCTATGTGTAATGATACCTTAGAATTACTAAGAATAAAAGATGAAAATATAAAATATATAAACCAAGAAATTGACGTCATTATCAAAGGAAAAAAAGCAACAGTGGTTAATGCTGTACTAACGTATAAGCCTTCGGCCTGTTATTGTTGTGGAGTTAAAAATGAAGGACAAATTCATAAACATGGTAAGCGTGTTTCTCGTATTACTTTACTTAAAACTCAAGGGTATAACACATACCTCAACTTAGCTAAACAACGTTTTAAATGCTT']
346,0,0,True,['TTTTTTTAATACACAAAAAGCGCAATTGCCTCTATAATTTAAAGTGACCAAACCCAAACTAAAGGAGACAAGTGCGCCTATGTGTAATGATACCTTAGAATTACTAAGAATAAAAGATGAAAATATAAAATATATAAACCAAGAAATTGACGTCATTATCAAAGGAAAAAAAGCAACAGTGGTTAATGCTGTACTAACGTATAAGCCTTCGGCCTGTTATTGTTGTGGAGTTAAAAATGAAGGACAAATTCATAAACATGGTAAGCGTGTTTCTCGTATTACTTTACTTAAAACTCAAGGGTATAACACATACCTCAACTTAGCTAAACAACGTTTTAAATGCTTA']
347,0,0,True,['TTTTTTTAATACACAAAAAGCGCAATTGCCTCTATAATTTAAAGTGACCAAACCCAAACTAAAGGAGACAAGTGCGCCTATGTGTAATGATACCTTAGAATTACTAAGAATAAAAGATGAAAATATAAAATATATAAACCAAGAAATTGACGTCATTATCAAAGGAAAAAAAGCAACAGTGGTTAATGCTGTACTAACGTATAAGCCTTCGGCCTGTTATTGTTGTGGAGTTAAAAATGAAGGACAAATTCATAAACATGGTAAGCGTGTTTCTCGTATTACTTTACTTAAAACTCAAGGGTATAACACATACCTCAACTTAGCTAAACAACGTTTTAAATGCTTAG']
348,0,0,True,['TTTTTTTAATACACAAAAAGCGCAATTGCCTCTATAATTTAAAGTGACCAAACCCAAACTAAAGGAGACAAGTGCGCCTATGTGTAATGATACCTTAGAATTACTAAGAATAAAAGATGAAAATATAAAATATATAAACCAAGAAATTGACGTCATTATCAAAGGAAAAAAAGCAACAGTGGTTAATGCTGTACTAACGTATAAGCCTTCGGCCTGTTATTGTTGTGGAGTTAAAAATGAAGGACAAATTCATAAACATGGTAAGCGTGTTTCTCGTATTACTTTACTTAAAACTCAAGGGTATAACACATACCTCAACTTAGCTAAACAACGTTTTAAATGCTTAGA']
349,0,0,True,['TTTTTTTAATACACAAAAAGCGCAATTGCCTCTATAATTTAAAGTGACCAAACCCAAACTAAAGGAGACAAGTGCGCCTATGTGTAATGATACCTTAGAATTACTAAGAATAAAAGATGAAAATATAAAATATATAAACCAAGAAATTGACGTCATTATCAAAGGAAAAAAAGCAACAGTGGTTAATGCTGTACTAACGTATAAGCCTTCGGCCTGTTATTGTTGTGGAGTTAAAAATGAAGGACAAATTCATAAACATGGTAAGCGTGTTTCTCGTATTACTTTACTTAAAACTCAAGGGTATAACACATACCTCAACTTAGCTAAACAACGTTTTAAATGCTTAGAA']
350,0,0,True,['TTTTTTTAATACACAAAAAGCGCAATTGCCTCTATAATTTAAAGTGACCAAACCCAAACTAAAGGAGACAAGTGCGCCTATGTGTAATGATACCTTAGAATTACTAAGAATAAAAGATGAAAATATAAAATATATAAACCAAGAAATTGACGTCATTATCAAAGGAAAAAAAGCAACAGTGGTTAATGCTGTACTAACGTATAAGCCTTCGGCCTGTTATTGTTGTGGAGTTAAAAATGAAGGACAAATTCATAAACATGGTAAGCGTGTTTCTCGTATTACTTTACTTAAAACTCAAGGGTATAACACATACCTCAACTTAGCTAAACAACGTTTTAAATGCTTAGAAT']
351,0,0,True,['TTTTTTTAATACACAAAAAGCGCAATTGCCTCTATAATTTAAAGTGACCAAACCCAAACTAAAGGAGACAAGTGCGCCTATGTGTAATGATACCTTAGAATTACTAAGAATAAAAGATGAAAATATAAAATATATAAACCAAGAAATTGACGTCATTATCAAAGGAAAAAAAGCAACAGTGGTTAATGCTGTACTAACGTATAAGCCTTCGGCCTGTTATTGTTGTGGAGTTAAAAATGAAGGACAAATTCATAAACATGGTAAGCGTGTTTCTCGTATTACTTTACTTAAAACTCAAGGGTATAACACATACCTCAACTTAGCTAAACAACGTTTTAAATGCTTAGAATG']
352,0,0,True,['TTTTTTTAATACACAAAAAGCGCAATTGCCTCTATAATTTAAAGTGACCAAACCCAAACTAAAGGAGACAAGTGCGCCTATGTGTAATGATACCTTAGAATTACTAAGAATAAAAGATGAAAATATAAAATATATAAACCAAGAAATTGACGTCATTATCAAAGGAAAAAAAGCAACAGTGGTTAATGCTGTACTAACGTATAAGCCTTCGGCCTGTTATTGTTGTGGAGTTAAAAATGAAGGACAAATTCATAAACATGGTAAGCGTGTTTCTCGTATTACTTTACTTAAAACTCAAGGGTATAACACATACCTCAACTTAGCTAAACAACGTTTTAAATGCTTAGAATGC']
353,0,0,True,['TTTTTTTAATACACAAAAAGCGCAATTGCCTCTATAATTTAAAGTGACCAAACCCAAACTAAAGGAGACAAGTGCGCCTATGTGTAATGATACCTTAGAATTACTAAGAATAAAAGATGAAAATATAAAATATATAAACCAAGAAATTGACGTCATTATCAAAGGAAAAAAAGCAACAGTGGTTAATGCTGTACTAACGTATAAGCCTTCGGCCTGTTATTGTTGTGGAGTTAAAAATGAAGGACAAATTCATAAACATGGTAAGCGTGTTTCTCGTATTACTTTACTTAAAACTCAAGGGTATAACACATACCTCAACTTAGCTAAACAACGTTTTAAATGCTTAGAATGCA']
354,0,0,True,['TTTTTTTAATACACAAAAAGCGCAATTGCCTCTATAATTTAAAGTGACCAAACCCAAACTAAAGGAGACAAGTGCGCCTATGTGTAATGATACCTTAGAATTACTAAGAATAAAAGATGAAAATATAAAATATATAAACCAAGAAATTGACGTCATTATCAAAGGAAAAAAAGCAACAGTGGTTAATGCTGTACTAACGTATAAGCCTTCGGCCTGTTATTGTTGTGGAGTTAAAAATGAAGGACAAATTCATAAACATGGTAAGCGTGTTTCTCGTATTACTTTACTTAAAACTCAAGGGTATAACACATACCTCAACTTAGCTAAACAACGTTTTAAATGCTTAGAATGCAA']
355,0,0,True,['TTTTTTTAATACACAAAAAGCGCAATTGCCTCTATAATTTAAAGTGACCAAACCCAAACTAAAGGAGACAAGTGCGCCTATGTGTAATGATACCTTAGAATTACTAAGAATAAAAGATGAAAATATAAAATATATAAACCAAGAAATTGACGTCATTATCAAAGGAAAAAAAGCAACAGTGGTTAATGCTGTACTAACGTATAAGCCTTCGGCCTGTTATTGTTGTGGAGTTAAAAATGAAGGACAAATTCATAAACATGGTAAGCGTGTTTCTCGTATTACTTTACTTAAAACTCAAGGGTATAACACATACCTCAACTTAGCTAAACAACGTTTTAAATGCTTAGAATGCAAT']
356,0,0,True,['TTTTTTTAATACACAAAAAGCGCAATTGCCTCTATAATTTAAAGTGACCAAACCCAAACTAAAGGAGACAAGTGCGCCTATGTGTAATGATACCTTAGAATTACTAAGAATAAAAGATGAAAATATAAAATATATAAACCAAGAAATTGACGTCATTATCAAAGGAAAAAAAGCAACAGTGGTTAATGCTGTACTAACGTATAAGCCTTCGGCCTGTTATTGTTGTGGAGTTAAAAATGAAGGACAAATTCATAAACATGGTAAGCGTGTTTCTCGTATTACTTTACTTAAAACTCAAGGGTATAACACATACCTCAACTTAGCTAAACAACGTTTTAAATGCTTAGAATGCAATG']
357,0,0,True,['TTTTTTTAATACACAAAAAGCGCAATTGCCTCTATAATTTAAAGTGACCAAACCCAAACTAAAGGAGACAAGTGCGCCTATGTGTAATGATACCTTAGAATTACTAAGAATAAAAGATGAAAATATAAAATATATAAACCAAGAAATTGACGTCATTATCAAAGGAAAAAAAGCAACAGTGGTTAATGCTGTACTAACGTATAAGCCTTCGGCCTGTTATTGTTGTGGAGTTAAAAATGAAGGACAAATTCATAAACATGGTAAGCGTGTTTCTCGTATTACTTTACTTAAAACTCAAGGGTATAACACATACCTCAACTTAGCTAAACAACGTTTTAAATGCTTAGAATGCAATGG']
358,0,0,True,['TTTTTTTAATACACAAAAAGCGCAATTGCCTCTATAATTTAAAGTGACCAAACCCAAACTAAAGGAGACAAGTGCGCCTATGTGTAATGATACCTTAGAATTACTAAGAATAAAAGATGAAAATATAAAATATATAAACCAAGAAATTGACGTCATTATCAAAGGAAAAAAAGCAACAGTGGTTAATGCTGTACTAACGTATAAGCCTTCGGCCTGTTATTGTTGTGGAGTTAAAAATGAAGGACAAATTCATAAACATGGTAAGCGTGTTTCTCGTATTACTTTACTTAAAACTCAAGGGTATAACACATACCTCAACTTAGCTAAACAACGTTTTAAATGCTTAGAATGCAATGGC']
359,0,0,True,['TTTTTTTAATACACAAAAAGCGCAATTGCCTCTATAATTTAAAGTGACCAAACCCAAACTAAAGGAGACAAGTGCGCCTATGTGTAATGATACCTTAGAATTACTAAGAATAAAAGATGAAAATATAAAATATATAAACCAAGAAATTGACGTCATTATCAAAGGAAAAAAAGCAACAGTGGTTAATGCTGTACTAACGTATAAGCCTTCGGCCTGTTATTGTTGTGGAGTTAAAAATGAAGGACAAATTCATAAACATGGTAAGCGTGTTTCTCGTATTACTTTACTTAAAACTCAAGGGTATAACACATACCTCAACTTAGCTAAACAACGTTTTAAATGCTTAGAATGCAATGGCA']
360,1,2,True,['TTTTTTTAATACACAAAAAGCGCAATTGCCTCTATAATTTAAAGTGACCAAACCCAAACTAAAGGAGACAAGTGCGCCTATGTGTAATGATACCTTAGAATTACTAAGAATAAAAGATGAAAATATAAAATATATAAACCAAGAAATTGACGTCATTATCAAAGGAAAAAAAGCAACAGTGGTTAATGCTGTACTAACGTATAAGCCTTCGGCCTGTTATTGTTGTGGAGTTAAAAATGAAGGACAAATTCATAAACATGGTAAGCGTGTTTCTCGTATTACTTTACTTAAAACTCAAGGGTATAACACATACCTCAACTTAGCTAAACAACGTTTTAAATGCTTAGAATGCAATGGCAC']
361,0,0,True,['TTTTTTTAATACACAAAAAGCGCAATTGCCTCTATAATTTAAAGTGACCAAACCCAAACTAAAGGAGACAAGTGCGCCTATGTGTAATGATACCTTAGAATTACTAAGAATAAAAGATGAAAATATAAAATATATAAACCAAGAAATTGACGTCATTATCAAAGGAAAAAAAGCAACAGTGGTTAATGCTGTACTAACGTATAAGCCTTCGGCCTGTTATTGTTGTGGAGTTAAAAATGAAGGACAAATTCATAAACATGGTAAGCGTGTTTCTCGTATTACTTTACTTAAAACTCAAGGGTATAACACATACCTCAACTTAGCTAAACAACGTTTTAAATGCTTAGAATGCAATGGCACT']
362,0,0,True,['TTTTTTTAATACACAAAAAGCGCAATTGCCTCTATAATTTAAAGTGACCAAACCCAAACTAAAGGAGACAAGTGCGCCTATGTGTAATGATACCTTAGAATTACTAAGAATAAAAGATGAAAATATAAAATATATAAACCAAGAAATTGACGTCATTATCAAAGGAAAAAAAGCAACAGTGGTTAATGCTGTACTAACGTATAAGCCTTCGGCCTGTTATTGTTGTGGAGTTAAAAATGAAGGACAAATTCATAAACATGGTAAGCGTGTTTCTCGTATTACTTTACTTAAAACTCAAGGGTATAACACATACCTCAACTTAGCTAAACAACGTTTTAAATGCTTAGAATGCAATGGCACTT']
363,0,0,True,['TTTTTTTAATACACAAAAAGCGCAATTGCCTCTATAATTTAAAGTGACCAAACCCAAACTAAAGGAGACAAGTGCGCCTATGTGTAATGATACCTTAGAATTACTAAGAATAAAAGATGAAAATATAAAATATATAAACCAAGAAATTGACGTCATTATCAAAGGAAAAAAAGCAACAGTGGTTAATGCTGTACTAACGTATAAGCCTTCGGCCTGTTATTGTTGTGGAGTTAAAAATGAAGGACAAATTCATAAACATGGTAAGCGTGTTTCTCGTATTACTTTACTTAAAACTCAAGGGTATAACACATACCTCAACTTAGCTAAACAACGTTTTAAATGCTTAGAATGCAATGGCACTTT']
364,0,0,True,['TTTTTTTAATACACAAAAAGCGCAATTGCCTCTATAATTTAAAGTGACCAAACCCAAACTAAAGGAGACAAGTGCGCCTATGTGTAATGATACCTTAGAATTACTAAGAATAAAAGATGAAAATATAAAATATATAAACCAAGAAATTGACGTCATTATCAAAGGAAAAAAAGCAACAGTGGTTAATGCTGTACTAACGTATAAGCCTTCGGCCTGTTATTGTTGTGGAGTTAAAAATGAAGGACAAATTCATAAACATGGTAAGCGTGTTTCTCGTATTACTTTACTTAAAACTCAAGGGTATAACACATACCTCAACTTAGCTAAACAACGTTTTAAATGCTTAGAATGCAATGGCACTTTT']
365,0,0,True,['TTTTTTTAATACACAAAAAGCGCAATTGCCTCTATAATTTAAAGTGACCAAACCCAAACTAAAGGAGACAAGTGCGCCTATGTGTAATGATACCTTAGAATTACTAAGAATAAAAGATGAAAATATAAAATATATAAACCAAGAAATTGACGTCATTATCAAAGGAAAAAAAGCAACAGTGGTTAATGCTGTACTAACGTATAAGCCTTCGGCCTGTTATTGTTGTGGAGTTAAAAATGAAGGACAAATTCATAAACATGGTAAGCGTGTTTCTCGTATTACTTTACTTAAAACTCAAGGGTATAACACATACCTCAACTTAGCTAAACAACGTTTTAAATGCTTAGAATGCAATGGCACTTTTA']
366,0,0,True,['TTTTTTTAATACACAAAAAGCGCAATTGCCTCTATAATTTAAAGTGACCAAACCCAAACTAAAGGAGACAAGTGCGCCTATGTGTAATGATACCTTAGAATTACTAAGAATAAAAGATGAAAATATAAAATATATAAACCAAGAAATTGACGTCATTATCAAAGGAAAAAAAGCAACAGTGGTTAATGCTGTACTAACGTATAAGCCTTCGGCCTGTTATTGTTGTGGAGTTAAAAATGAAGGACAAATTCATAAACATGGTAAGCGTGTTTCTCGTATTACTTTACTTAAAACTCAAGGGTATAACACATACCTCAACTTAGCTAAACAACGTTTTAAATGCTTAGAATGCAATGGCACTTTTAC']
367,0,0,True,['TTTTTTTAATACACAAAAAGCGCAATTGCCTCTATAATTTAAAGTGACCAAACCCAAACTAAAGGAGACAAGTGCGCCTATGTGTAATGATACCTTAGAATTACTAAGAATAAAAGATGAAAATATAAAATATATAAACCAAGAAATTGACGTCATTATCAAAGGAAAAAAAGCAACAGTGGTTAATGCTGTACTAACGTATAAGCCTTCGGCCTGTTATTGTTGTGGAGTTAAAAATGAAGGACAAATTCATAAACATGGTAAGCGTGTTTCTCGTATTACTTTACTTAAAACTCAAGGGTATAACACATACCTCAACTTAGCTAAACAACGTTTTAAATGCTTAGAATGCAATGGCACTTTTACT']
368,0,0,True,['TTTTTTTAATACACAAAAAGCGCAATTGCCTCTATAATTTAAAGTGACCAAACCCAAACTAAAGGAGACAAGTGCGCCTATGTGTAATGATACCTTAGAATTACTAAGAATAAAAGATGAAAATATAAAATATATAAACCAAGAAATTGACGTCATTATCAAAGGAAAAAAAGCAACAGTGGTTAATGCTGTACTAACGTATAAGCCTTCGGCCTGTTATTGTTGTGGAGTTAAAAATGAAGGACAAATTCATAAACATGGTAAGCGTGTTTCTCGTATTACTTTACTTAAAACTCAAGGGTATAACACATACCTCAACTTAGCTAAACAACGTTTTAAATGCTTAGAATGCAATGGCACTTTTACTG']
369,0,0,True,['TTTTTTTAATACACAAAAAGCGCAATTGCCTCTATAATTTAAAGTGACCAAACCCAAACTAAAGGAGACAAGTGCGCCTATGTGTAATGATACCTTAGAATTACTAAGAATAAAAGATGAAAATATAAAATATATAAACCAAGAAATTGACGTCATTATCAAAGGAAAAAAAGCAACAGTGGTTAATGCTGTACTAACGTATAAGCCTTCGGCCTGTTATTGTTGTGGAGTTAAAAATGAAGGACAAATTCATAAACATGGTAAGCGTGTTTCTCGTATTACTTTACTTAAAACTCAAGGGTATAACACATACCTCAACTTAGCTAAACAACGTTTTAAATGCTTAGAATGCAATGGCACTTTTACTGC']
370,0,0,True,['TTTTTTTAATACACAAAAAGCGCAATTGCCTCTATAATTTAAAGTGACCAAACCCAAACTAAAGGAGACAAGTGCGCCTATGTGTAATGATACCTTAGAATTACTAAGAATAAAAGATGAAAATATAAAATATATAAACCAAGAAATTGACGTCATTATCAAAGGAAAAAAAGCAACAGTGGTTAATGCTGTACTAACGTATAAGCCTTCGGCCTGTTATTGTTGTGGAGTTAAAAATGAAGGACAAATTCATAAACATGGTAAGCGTGTTTCTCGTATTACTTTACTTAAAACTCAAGGGTATAACACATACCTCAACTTAGCTAAACAACGTTTTAAATGCTTAGAATGCAATGGCACTTTTACTGCT']
371,0,0,True,['TTTTTTTAATACACAAAAAGCGCAATTGCCTCTATAATTTAAAGTGACCAAACCCAAACTAAAGGAGACAAGTGCGCCTATGTGTAATGATACCTTAGAATTACTAAGAATAAAAGATGAAAATATAAAATATATAAACCAAGAAATTGACGTCATTATCAAAGGAAAAAAAGCAACAGTGGTTAATGCTGTACTAACGTATAAGCCTTCGGCCTGTTATTGTTGTGGAGTTAAAAATGAAGGACAAATTCATAAACATGGTAAGCGTGTTTCTCGTATTACTTTACTTAAAACTCAAGGGTATAACACATACCTCAACTTAGCTAAACAACGTTTTAAATGCTTAGAATGCAATGGCACTTTTACTGCTA']
372,0,0,True,['TTTTTTTAATACACAAAAAGCGCAATTGCCTCTATAATTTAAAGTGACCAAACCCAAACTAAAGGAGACAAGTGCGCCTATGTGTAATGATACCTTAGAATTACTAAGAATAAAAGATGAAAATATAAAATATATAAACCAAGAAATTGACGTCATTATCAAAGGAAAAAAAGCAACAGTGGTTAATGCTGTACTAACGTATAAGCCTTCGGCCTGTTATTGTTGTGGAGTTAAAAATGAAGGACAAATTCATAAACATGGTAAGCGTGTTTCTCGTATTACTTTACTTAAAACTCAAGGGTATAACACATACCTCAACTTAGCTAAACAACGTTTTAAATGCTTAGAATGCAATGGCACTTTTACTGCTAA']
373,0,0,True,['TTTTTTTAATACACAAAAAGCGCAATTGCCTCTATAATTTAAAGTGACCAAACCCAAACTAAAGGAGACAAGTGCGCCTATGTGTAATGATACCTTAGAATTACTAAGAATAAAAGATGAAAATATAAAATATATAAACCAAGAAATTGACGTCATTATCAAAGGAAAAAAAGCAACAGTGGTTAATGCTGTACTAACGTATAAGCCTTCGGCCTGTTATTGTTGTGGAGTTAAAAATGAAGGACAAATTCATAAACATGGTAAGCGTGTTTCTCGTATTACTTTACTTAAAACTCAAGGGTATAACACATACCTCAACTTAGCTAAACAACGTTTTAAATGCTTAGAATGCAATGGCACTTTTACTGCTAAA']
374,0,0,True,['TTTTTTTAATACACAAAAAGCGCAATTGCCTCTATAATTTAAAGTGACCAAACCCAAACTAAAGGAGACAAGTGCGCCTATGTGTAATGATACCTTAGAATTACTAAGAATAAAAGATGAAAATATAAAATATATAAACCAAGAAATTGACGTCATTATCAAAGGAAAAAAAGCAACAGTGGTTAATGCTGTACTAACGTATAAGCCTTCGGCCTGTTATTGTTGTGGAGTTAAAAATGAAGGACAAATTCATAAACATGGTAAGCGTGTTTCTCGTATTACTTTACTTAAAACTCAAGGGTATAACACATACCTCAACTTAGCTAAACAACGTTTTAAATGCTTAGAATGCAATGGCACTTTTACTGCTAAAA']
375,0,0,True,['TTTTTTTAATACACAAAAAGCGCAATTGCCTCTATAATTTAAAGTGACCAAACCCAAACTAAAGGAGACAAGTGCGCCTATGTGTAATGATACCTTAGAATTACTAAGAATAAAAGATGAAAATATAAAATATATAAACCAAGAAATTGACGTCATTATCAAAGGAAAAAAAGCAACAGTGGTTAATGCTGTACTAACGTATAAGCCTTCGGCCTGTTATTGTTGTGGAGTTAAAAATGAAGGACAAATTCATAAACATGGTAAGCGTGTTTCTCGTATTACTTTACTTAAAACTCAAGGGTATAACACATACCTCAACTTAGCTAAACAACGTTTTAAATGCTTAGAATGCAATGGCACTTTTACTGCTAAAAC']
376,0,0,True,['TTTTTTTAATACACAAAAAGCGCAATTGCCTCTATAATTTAAAGTGACCAAACCCAAACTAAAGGAGACAAGTGCGCCTATGTGTAATGATACCTTAGAATTACTAAGAATAAAAGATGAAAATATAAAATATATAAACCAAGAAATTGACGTCATTATCAAAGGAAAAAAAGCAACAGTGGTTAATGCTGTACTAACGTATAAGCCTTCGGCCTGTTATTGTTGTGGAGTTAAAAATGAAGGACAAATTCATAAACATGGTAAGCGTGTTTCTCGTATTACTTTACTTAAAACTCAAGGGTATAACACATACCTCAACTTAGCTAAACAACGTTTTAAATGCTTAGAATGCAATGGCACTTTTACTGCTAAAACG']
377,0,0,True,['TTTTTTTAATACACAAAAAGCGCAATTGCCTCTATAATTTAAAGTGACCAAACCCAAACTAAAGGAGACAAGTGCGCCTATGTGTAATGATACCTTAGAATTACTAAGAATAAAAGATGAAAATATAAAATATATAAACCAAGAAATTGACGTCATTATCAAAGGAAAAAAAGCAACAGTGGTTAATGCTGTACTAACGTATAAGCCTTCGGCCTGTTATTGTTGTGGAGTTAAAAATGAAGGACAAATTCATAAACATGGTAAGCGTGTTTCTCGTATTACTTTACTTAAAACTCAAGGGTATAACACATACCTCAACTTAGCTAAACAACGTTTTAAATGCTTAGAATGCAATGGCACTTTTACTGCTAAAACGT']
378,0,0,True,['TTTTTTTAATACACAAAAAGCGCAATTGCCTCTATAATTTAAAGTGACCAAACCCAAACTAAAGGAGACAAGTGCGCCTATGTGTAATGATACCTTAGAATTACTAAGAATAAAAGATGAAAATATAAAATATATAAACCAAGAAATTGACGTCATTATCAAAGGAAAAAAAGCAACAGTGGTTAATGCTGTACTAACGTATAAGCCTTCGGCCTGTTATTGTTGTGGAGTTAAAAATGAAGGACAAATTCATAAACATGGTAAGCGTGTTTCTCGTATTACTTTACTTAAAACTCAAGGGTATAACACATACCTCAACTTAGCTAAACAACGTTTTAAATGCTTAGAATGCAATGGCACTTTTACTGCTAAAACGTC']
379,0,0,True,['TTTTTTTAATACACAAAAAGCGCAATTGCCTCTATAATTTAAAGTGACCAAACCCAAACTAAAGGAGACAAGTGCGCCTATGTGTAATGATACCTTAGAATTACTAAGAATAAAAGATGAAAATATAAAATATATAAACCAAGAAATTGACGTCATTATCAAAGGAAAAAAAGCAACAGTGGTTAATGCTGTACTAACGTATAAGCCTTCGGCCTGTTATTGTTGTGGAGTTAAAAATGAAGGACAAATTCATAAACATGGTAAGCGTGTTTCTCGTATTACTTTACTTAAAACTCAAGGGTATAACACATACCTCAACTTAGCTAAACAACGTTTTAAATGCTTAGAATGCAATGGCACTTTTACTGCTAAAACGTCA']
380,0,0,True,['TTTTTTTAATACACAAAAAGCGCAATTGCCTCTATAATTTAAAGTGACCAAACCCAAACTAAAGGAGACAAGTGCGCCTATGTGTAATGATACCTTAGAATTACTAAGAATAAAAGATGAAAATATAAAATATATAAACCAAGAAATTGACGTCATTATCAAAGGAAAAAAAGCAACAGTGGTTAATGCTGTACTAACGTATAAGCCTTCGGCCTGTTATTGTTGTGGAGTTAAAAATGAAGGACAAATTCATAAACATGGTAAGCGTGTTTCTCGTATTACTTTACTTAAAACTCAAGGGTATAACACATACCTCAACTTAGCTAAACAACGTTTTAAATGCTTAGAATGCAATGGCACTTTTACTGCTAAAACGTCAA']
381,0,0,True,['TTTTTTTAATACACAAAAAGCGCAATTGCCTCTATAATTTAAAGTGACCAAACCCAAACTAAAGGAGACAAGTGCGCCTATGTGTAATGATACCTTAGAATTACTAAGAATAAAAGATGAAAATATAAAATATATAAACCAAGAAATTGACGTCATTATCAAAGGAAAAAAAGCAACAGTGGTTAATGCTGTACTAACGTATAAGCCTTCGGCCTGTTATTGTTGTGGAGTTAAAAATGAAGGACAAATTCATAAACATGGTAAGCGTGTTTCTCGTATTACTTTACTTAAAACTCAAGGGTATAACACATACCTCAACTTAGCTAAACAACGTTTTAAATGCTTAGAATGCAATGGCACTTTTACTGCTAAAACGTCAAT']
382,0,0,True,['TTTTTTTAATACACAAAAAGCGCAATTGCCTCTATAATTTAAAGTGACCAAACCCAAACTAAAGGAGACAAGTGCGCCTATGTGTAATGATACCTTAGAATTACTAAGAATAAAAGATGAAAATATAAAATATATAAACCAAGAAATTGACGTCATTATCAAAGGAAAAAAAGCAACAGTGGTTAATGCTGTACTAACGTATAAGCCTTCGGCCTGTTATTGTTGTGGAGTTAAAAATGAAGGACAAATTCATAAACATGGTAAGCGTGTTTCTCGTATTACTTTACTTAAAACTCAAGGGTATAACACATACCTCAACTTAGCTAAACAACGTTTTAAATGCTTAGAATGCAATGGCACTTTTACTGCTAAAACGTCAATT']
383,0,0,True,['TTTTTTTAATACACAAAAAGCGCAATTGCCTCTATAATTTAAAGTGACCAAACCCAAACTAAAGGAGACAAGTGCGCCTATGTGTAATGATACCTTAGAATTACTAAGAATAAAAGATGAAAATATAAAATATATAAACCAAGAAATTGACGTCATTATCAAAGGAAAAAAAGCAACAGTGGTTAATGCTGTACTAACGTATAAGCCTTCGGCCTGTTATTGTTGTGGAGTTAAAAATGAAGGACAAATTCATAAACATGGTAAGCGTGTTTCTCGTATTACTTTACTTAAAACTCAAGGGTATAACACATACCTCAACTTAGCTAAACAACGTTTTAAATGCTTAGAATGCAATGGCACTTTTACTGCTAAAACGTCAATTG']
384,0,0,True,['TTTTTTTAATACACAAAAAGCGCAATTGCCTCTATAATTTAAAGTGACCAAACCCAAACTAAAGGAGACAAGTGCGCCTATGTGTAATGATACCTTAGAATTACTAAGAATAAAAGATGAAAATATAAAATATATAAACCAAGAAATTGACGTCATTATCAAAGGAAAAAAAGCAACAGTGGTTAATGCTGTACTAACGTATAAGCCTTCGGCCTGTTATTGTTGTGGAGTTAAAAATGAAGGACAAATTCATAAACATGGTAAGCGTGTTTCTCGTATTACTTTACTTAAAACTCAAGGGTATAACACATACCTCAACTTAGCTAAACAACGTTTTAAATGCTTAGAATGCAATGGCACTTTTACTGCTAAAACGTCAATTGT']
385,0,0,True,['TTTTTTTAATACACAAAAAGCGCAATTGCCTCTATAATTTAAAGTGACCAAACCCAAACTAAAGGAGACAAGTGCGCCTATGTGTAATGATACCTTAGAATTACTAAGAATAAAAGATGAAAATATAAAATATATAAACCAAGAAATTGACGTCATTATCAAAGGAAAAAAAGCAACAGTGGTTAATGCTGTACTAACGTATAAGCCTTCGGCCTGTTATTGTTGTGGAGTTAAAAATGAAGGACAAATTCATAAACATGGTAAGCGTGTTTCTCGTATTACTTTACTTAAAACTCAAGGGTATAACACATACCTCAACTTAGCTAAACAACGTTTTAAATGCTTAGAATGCAATGGCACTTTTACTGCTAAAACGTCAATTGTT']
386,0,0,True,['TTTTTTTAATACACAAAAAGCGCAATTGCCTCTATAATTTAAAGTGACCAAACCCAAACTAAAGGAGACAAGTGCGCCTATGTGTAATGATACCTTAGAATTACTAAGAATAAAAGATGAAAATATAAAATATATAAACCAAGAAATTGACGTCATTATCAAAGGAAAAAAAGCAACAGTGGTTAATGCTGTACTAACGTATAAGCCTTCGGCCTGTTATTGTTGTGGAGTTAAAAATGAAGGACAAATTCATAAACATGGTAAGCGTGTTTCTCGTATTACTTTACTTAAAACTCAAGGGTATAACACATACCTCAACTTAGCTAAACAACGTTTTAAATGCTTAGAATGCAATGGCACTTTTACTGCTAAAACGTCAATTGTTG']
387,0,0,True,['TTTTTTTAATACACAAAAAGCGCAATTGCCTCTATAATTTAAAGTGACCAAACCCAAACTAAAGGAGACAAGTGCGCCTATGTGTAATGATACCTTAGAATTACTAAGAATAAAAGATGAAAATATAAAATATATAAACCAAGAAATTGACGTCATTATCAAAGGAAAAAAAGCAACAGTGGTTAATGCTGTACTAACGTATAAGCCTTCGGCCTGTTATTGTTGTGGAGTTAAAAATGAAGGACAAATTCATAAACATGGTAAGCGTGTTTCTCGTATTACTTTACTTAAAACTCAAGGGTATAACACATACCTCAACTTAGCTAAACAACGTTTTAAATGCTTAGAATGCAATGGCACTTTTACTGCTAAAACGTCAATTGTTGA']
388,0,0,True,['TTTTTTTAATACACAAAAAGCGCAATTGCCTCTATAATTTAAAGTGACCAAACCCAAACTAAAGGAGACAAGTGCGCCTATGTGTAATGATACCTTAGAATTACTAAGAATAAAAGATGAAAATATAAAATATATAAACCAAGAAATTGACGTCATTATCAAAGGAAAAAAAGCAACAGTGGTTAATGCTGTACTAACGTATAAGCCTTCGGCCTGTTATTGTTGTGGAGTTAAAAATGAAGGACAAATTCATAAACATGGTAAGCGTGTTTCTCGTATTACTTTACTTAAAACTCAAGGGTATAACACATACCTCAACTTAGCTAAACAACGTTTTAAATGCTTAGAATGCAATGGCACTTTTACTGCTAAAACGTCAATTGTTGAT']
389,0,0,True,['TTTTTTTAATACACAAAAAGCGCAATTGCCTCTATAATTTAAAGTGACCAAACCCAAACTAAAGGAGACAAGTGCGCCTATGTGTAATGATACCTTAGAATTACTAAGAATAAAAGATGAAAATATAAAATATATAAACCAAGAAATTGACGTCATTATCAAAGGAAAAAAAGCAACAGTGGTTAATGCTGTACTAACGTATAAGCCTTCGGCCTGTTATTGTTGTGGAGTTAAAAATGAAGGACAAATTCATAAACATGGTAAGCGTGTTTCTCGTATTACTTTACTTAAAACTCAAGGGTATAACACATACCTCAACTTAGCTAAACAACGTTTTAAATGCTTAGAATGCAATGGCACTTTTACTGCTAAAACGTCAATTGTTGATG']
390,0,0,True,['TTTTTTTAATACACAAAAAGCGCAATTGCCTCTATAATTTAAAGTGACCAAACCCAAACTAAAGGAGACAAGTGCGCCTATGTGTAATGATACCTTAGAATTACTAAGAATAAAAGATGAAAATATAAAATATATAAACCAAGAAATTGACGTCATTATCAAAGGAAAAAAAGCAACAGTGGTTAATGCTGTACTAACGTATAAGCCTTCGGCCTGTTATTGTTGTGGAGTTAAAAATGAAGGACAAATTCATAAACATGGTAAGCGTGTTTCTCGTATTACTTTACTTAAAACTCAAGGGTATAACACATACCTCAACTTAGCTAAACAACGTTTTAAATGCTTAGAATGCAATGGCACTTTTACTGCTAAAACGTCAATTGTTGATGA']
391,0,0,True,['TTTTTTTAATACACAAAAAGCGCAATTGCCTCTATAATTTAAAGTGACCAAACCCAAACTAAAGGAGACAAGTGCGCCTATGTGTAATGATACCTTAGAATTACTAAGAATAAAAGATGAAAATATAAAATATATAAACCAAGAAATTGACGTCATTATCAAAGGAAAAAAAGCAACAGTGGTTAATGCTGTACTAACGTATAAGCCTTCGGCCTGTTATTGTTGTGGAGTTAAAAATGAAGGACAAATTCATAAACATGGTAAGCGTGTTTCTCGTATTACTTTACTTAAAACTCAAGGGTATAACACATACCTCAACTTAGCTAAACAACGTTTTAAATGCTTAGAATGCAATGGCACTTTTACTGCTAAAACGTCAATTGTTGATGAG']
392,0,0,True,['TTTTTTTAATACACAAAAAGCGCAATTGCCTCTATAATTTAAAGTGACCAAACCCAAACTAAAGGAGACAAGTGCGCCTATGTGTAATGATACCTTAGAATTACTAAGAATAAAAGATGAAAATATAAAATATATAAACCAAGAAATTGACGTCATTATCAAAGGAAAAAAAGCAACAGTGGTTAATGCTGTACTAACGTATAAGCCTTCGGCCTGTTATTGTTGTGGAGTTAAAAATGAAGGACAAATTCATAAACATGGTAAGCGTGTTTCTCGTATTACTTTACTTAAAACTCAAGGGTATAACACATACCTCAACTTAGCTAAACAACGTTTTAAATGCTTAGAATGCAATGGCACTTTTACTGCTAAAACGTCAATTGTTGATGAGT']
393,0,0,True,['TTTTTTTAATACACAAAAAGCGCAATTGCCTCTATAATTTAAAGTGACCAAACCCAAACTAAAGGAGACAAGTGCGCCTATGTGTAATGATACCTTAGAATTACTAAGAATAAAAGATGAAAATATAAAATATATAAACCAAGAAATTGACGTCATTATCAAAGGAAAAAAAGCAACAGTGGTTAATGCTGTACTAACGTATAAGCCTTCGGCCTGTTATTGTTGTGGAGTTAAAAATGAAGGACAAATTCATAAACATGGTAAGCGTGTTTCTCGTATTACTTTACTTAAAACTCAAGGGTATAACACATACCTCAACTTAGCTAAACAACGTTTTAAATGCTTAGAATGCAATGGCACTTTTACTGCTAAAACGTCAATTGTTGATGAGTC']
394,0,0,True,['TTTTTTTAATACACAAAAAGCGCAATTGCCTCTATAATTTAAAGTGACCAAACCCAAACTAAAGGAGACAAGTGCGCCTATGTGTAATGATACCTTAGAATTACTAAGAATAAAAGATGAAAATATAAAATATATAAACCAAGAAATTGACGTCATTATCAAAGGAAAAAAAGCAACAGTGGTTAATGCTGTACTAACGTATAAGCCTTCGGCCTGTTATTGTTGTGGAGTTAAAAATGAAGGACAAATTCATAAACATGGTAAGCGTGTTTCTCGTATTACTTTACTTAAAACTCAAGGGTATAACACATACCTCAACTTAGCTAAACAACGTTTTAAATGCTTAGAATGCAATGGCACTTTTACTGCTAAAACGTCAATTGTTGATGAGTCG']
395,0,0,True,['TTTTTTTAATACACAAAAAGCGCAATTGCCTCTATAATTTAAAGTGACCAAACCCAAACTAAAGGAGACAAGTGCGCCTATGTGTAATGATACCTTAGAATTACTAAGAATAAAAGATGAAAATATAAAATATATAAACCAAGAAATTGACGTCATTATCAAAGGAAAAAAAGCAACAGTGGTTAATGCTGTACTAACGTATAAGCCTTCGGCCTGTTATTGTTGTGGAGTTAAAAATGAAGGACAAATTCATAAACATGGTAAGCGTGTTTCTCGTATTACTTTACTTAAAACTCAAGGGTATAACACATACCTCAACTTAGCTAAACAACGTTTTAAATGCTTAGAATGCAATGGCACTTTTACTGCTAAAACGTCAATTGTTGATGAGTCGT']
396,0,0,True,['TTTTTTTAATACACAAAAAGCGCAATTGCCTCTATAATTTAAAGTGACCAAACCCAAACTAAAGGAGACAAGTGCGCCTATGTGTAATGATACCTTAGAATTACTAAGAATAAAAGATGAAAATATAAAATATATAAACCAAGAAATTGACGTCATTATCAAAGGAAAAAAAGCAACAGTGGTTAATGCTGTACTAACGTATAAGCCTTCGGCCTGTTATTGTTGTGGAGTTAAAAATGAAGGACAAATTCATAAACATGGTAAGCGTGTTTCTCGTATTACTTTACTTAAAACTCAAGGGTATAACACATACCTCAACTTAGCTAAACAACGTTTTAAATGCTTAGAATGCAATGGCACTTTTACTGCTAAAACGTCAATTGTTGATGAGTCGTG']
397,0,0,True,['TTTTTTTAATACACAAAAAGCGCAATTGCCTCTATAATTTAAAGTGACCAAACCCAAACTAAAGGAGACAAGTGCGCCTATGTGTAATGATACCTTAGAATTACTAAGAATAAAAGATGAAAATATAAAATATATAAACCAAGAAATTGACGTCATTATCAAAGGAAAAAAAGCAACAGTGGTTAATGCTGTACTAACGTATAAGCCTTCGGCCTGTTATTGTTGTGGAGTTAAAAATGAAGGACAAATTCATAAACATGGTAAGCGTGTTTCTCGTATTACTTTACTTAAAACTCAAGGGTATAACACATACCTCAACTTAGCTAAACAACGTTTTAAATGCTTAGAATGCAATGGCACTTTTACTGCTAAAACGTCAATTGTTGATGAGTCGTGT']
398,0,0,True,['TTTTTTTAATACACAAAAAGCGCAATTGCCTCTATAATTTAAAGTGACCAAACCCAAACTAAAGGAGACAAGTGCGCCTATGTGTAATGATACCTTAGAATTACTAAGAATAAAAGATGAAAATATAAAATATATAAACCAAGAAATTGACGTCATTATCAAAGGAAAAAAAGCAACAGTGGTTAATGCTGTACTAACGTATAAGCCTTCGGCCTGTTATTGTTGTGGAGTTAAAAATGAAGGACAAATTCATAAACATGGTAAGCGTGTTTCTCGTATTACTTTACTTAAAACTCAAGGGTATAACACATACCTCAACTTAGCTAAACAACGTTTTAAATGCTTAGAATGCAATGGCACTTTTACTGCTAAAACGTCAATTGTTGATGAGTCGTGTT']
399,0,0,True,['TTTTTTTAATACACAAAAAGCGCAATTGCCTCTATAATTTAAAGTGACCAAACCCAAACTAAAGGAGACAAGTGCGCCTATGTGTAATGATACCTTAGAATTACTAAGAATAAAAGATGAAAATATAAAATATATAAACCAAGAAATTGACGTCATTATCAAAGGAAAAAAAGCAACAGTGGTTAATGCTGTACTAACGTATAAGCCTTCGGCCTGTTATTGTTGTGGAGTTAAAAATGAAGGACAAATTCATAAACATGGTAAGCGTGTTTCTCGTATTACTTTACTTAAAACTCAAGGGTATAACACATACCTCAACTTAGCTAAACAACGTTTTAAATGCTTAGAATGCAATGGCACTTTTACTGCTAAAACGTCAATTGTTGATGAGTCGTGTTT']
400,0,0,True,['TTTTTTTAATACACAAAAAGCGCAATTGCCTCTATAATTTAAAGTGACCAAACCCAAACTAAAGGAGACAAGTGCGCCTATGTGTAATGATACCTTAGAATTACTAAGAATAAAAGATGAAAATATAAAATATATAAACCAAGAAATTGACGTCATTATCAAAGGAAAAAAAGCAACAGTGGTTAATGCTGTACTAACGTATAAGCCTTCGGCCTGTTATTGTTGTGGAGTTAAAAATGAAGGACAAATTCATAAACATGGTAAGCGTGTTTCTCGTATTACTTTACTTAAAACTCAAGGGTATAACACATACCTCAACTTAGCTAAACAACGTTTTAAATGCTTAGAATGCAATGGCACTTTTACTGCTAAAACGTCAATTGTTGATGAGTCGTGTTTT']
